id,primary_symbol,synonym
NCBIGene:1191,CLU,APOJ
NCBIGene:1191,CLU,CLI
NCBIGene:1191,CLU,CLU1
NCBIGene:1191,CLU,CLU2
NCBIGene:1191,CLU,KUB1
NCBIGene:1191,CLU,SGP-2
NCBIGene:1191,CLU,SP-40
NCBIGene:1191,CLU,TRPM-2
NCBIGene:2260,FGFR1,BFGFR
NCBIGene:2260,FGFR1,CD331
NCBIGene:2260,FGFR1,CEK
NCBIGene:2260,FGFR1,FLG
NCBIGene:2260,FGFR1,FLT2
NCBIGene:2260,FGFR1,H2
NCBIGene:2260,FGFR1,H3
NCBIGene:2260,FGFR1,H4
NCBIGene:2260,FGFR1,H5
NCBIGene:2260,FGFR1,KAL2
NCBIGene:2260,FGFR1,N-SAM
NCBIGene:355,FAS,APO-1
NCBIGene:355,FAS,APT1
NCBIGene:355,FAS,CD95
NCBIGene:355,FAS,FAS1
NCBIGene:355,FAS,TNFRSF6
NCBIGene:238,ALK,ALK1
NCBIGene:238,ALK,CD246
NCBIGene:10383,TUBB4B,BETA2
NCBIGene:10383,TUBB4B,TUBB2C
NCBIGene:5465,PPARA,HPPAR
NCBIGene:5465,PPARA,NR1C1
NCBIGene:5465,PPARA,PPAR
NCBIGene:2908,NR3C1,GR
NCBIGene:2908,NR3C1,GRL
NCBIGene:1728,NQO1,DHQU
NCBIGene:1728,NQO1,DIA4
NCBIGene:1728,NQO1,DTD
NCBIGene:1728,NQO1,NMOR1
NCBIGene:1728,NQO1,QR1
NCBIGene:4286,MITF,BHLHE32
NCBIGene:4286,MITF,MI
NCBIGene:4286,MITF,WS2
NCBIGene:4286,MITF,WS2A
NCBIGene:942,CD86,B7-2
NCBIGene:942,CD86,B7.2
NCBIGene:942,CD86,CD28LG2
NCBIGene:3738,KCNA3,HLK3
NCBIGene:3738,KCNA3,HPCN3
NCBIGene:3738,KCNA3,KV1.3
NCBIGene:3738,KCNA3,MK3
NCBIGene:3738,KCNA3,RP11-284N8.3
NCBIGene:216,ALDH1A1,ALDH1
NCBIGene:216,ALDH1A1,PUMB1
NCBIGene:216,ALDH1A1,RALDH1
NCBIGene:26013,L3MBTL1,DJ138B7.3
NCBIGene:26013,L3MBTL1,DKFZP586P1522
NCBIGene:26013,L3MBTL1,KIAA0681
NCBIGene:26013,L3MBTL1,L3MBTL
NCBIGene:26013,L3MBTL1,ZC2HC3
NCBIGene:3785,KCNQ2,BFNC
NCBIGene:3785,KCNQ2,EBN
NCBIGene:3785,KCNQ2,EBN1
NCBIGene:3785,KCNQ2,ENB1
NCBIGene:3785,KCNQ2,HNSPC
NCBIGene:3785,KCNQ2,KCNA11
NCBIGene:3785,KCNQ2,KV7.2
NCBIGene:54577,UGT1A7,UGT1G
NCBIGene:5702,PSMC3,RPT5
NCBIGene:5702,PSMC3,TBP-1
NCBIGene:5702,PSMC3,TBP1
NCBIGene:5148,PDE6G,PDEG
NCBIGene:5148,PDE6G,RP57
NCBIGene:2289,FKBP5,FKBP51
NCBIGene:2289,FKBP5,FKBP54
NCBIGene:2289,FKBP5,P54
NCBIGene:2289,FKBP5,PPIASE
NCBIGene:2289,FKBP5,PTG-10
NCBIGene:331,XIAP,API3
NCBIGene:331,XIAP,BIRC4
NCBIGene:331,XIAP,HILP
NCBIGene:331,XIAP,ILP-1
NCBIGene:7280,TUBB2A,DJ40E16.7
NCBIGene:7280,TUBB2A,TUBB
NCBIGene:7280,TUBB2A,TUBB2
NCBIGene:5979,RET,CDHF12
NCBIGene:5979,RET,CDHR16
NCBIGene:5979,RET,HSCR1
NCBIGene:5979,RET,MEN2A
NCBIGene:5979,RET,MEN2B
NCBIGene:5979,RET,MTC1
NCBIGene:5979,RET,PTC
NCBIGene:5979,RET,RET51
NCBIGene:1647,GADD45A,DDIT1
NCBIGene:1647,GADD45A,GADD45
NCBIGene:3752,KCND3,KSHIVB
NCBIGene:3752,KCND3,KV4.3
NCBIGene:3752,KCND3,SCA19
NCBIGene:3752,KCND3,SCA22
NCBIGene:6361,CCL17,ABCD-2
NCBIGene:6361,CCL17,SCYA17
NCBIGene:6361,CCL17,TARC
NCBIGene:4025,LPO,SPO
NCBIGene:356,FASLG,APT1LG1
NCBIGene:356,FASLG,CD178
NCBIGene:356,FASLG,FASL
NCBIGene:356,FASLG,TNFSF6
NCBIGene:3784,KCNQ1,JLNS1
NCBIGene:3784,KCNQ1,KCNA8
NCBIGene:3784,KCNQ1,KCNA9
NCBIGene:3784,KCNQ1,KV7.1
NCBIGene:3784,KCNQ1,KVLQT1
NCBIGene:3784,KCNQ1,LQT
NCBIGene:3784,KCNQ1,LQT1
NCBIGene:292,SLC25A5,2F1
NCBIGene:292,SLC25A5,ANT2
NCBIGene:292,SLC25A5,T2
NCBIGene:292,SLC25A5,T3
NCBIGene:1394,CRHR1,CRF-R
NCBIGene:1394,CRHR1,CRF1
NCBIGene:1394,CRHR1,CRHR
NCBIGene:4311,MME,CALLA
NCBIGene:4311,MME,CD10
NCBIGene:4311,MME,NEP
NCBIGene:2905,GRIN2C,GLUN2C
NCBIGene:2905,GRIN2C,NMDAR2C
NCBIGene:2905,GRIN2C,NR2C
NCBIGene:84727,SPSB2,GRCC9
NCBIGene:84727,SPSB2,SSB-2
NCBIGene:3082,HGF,DFNB39
NCBIGene:3082,HGF,F-TCF
NCBIGene:3082,HGF,HGFB
NCBIGene:3082,HGF,HPTA
NCBIGene:3082,HGF,SF
NCBIGene:3605,IL17A,CTLA8
NCBIGene:3605,IL17A,IL-17
NCBIGene:3605,IL17A,IL-17A
NCBIGene:3605,IL17A,IL17
NCBIGene:6416,MAP2K4,JNKK
NCBIGene:6416,MAP2K4,JNKK1
NCBIGene:6416,MAP2K4,MAPKK4
NCBIGene:6416,MAP2K4,MEK4
NCBIGene:6416,MAP2K4,MKK4
NCBIGene:6416,MAP2K4,PRKMK4
NCBIGene:6416,MAP2K4,SAPKK1
NCBIGene:6416,MAP2K4,SEK1
NCBIGene:6416,MAP2K4,SERK1
NCBIGene:6416,MAP2K4,SKK1
NCBIGene:51135,IRAK4,NY-REN-64
NCBIGene:6794,STK11,LKB1
NCBIGene:6794,STK11,PJS
NCBIGene:2194,FASN,FAS
NCBIGene:2194,FASN,SDR27X1
NCBIGene:55294,FBXW7,AGO
NCBIGene:55294,FBXW7,CDC4
NCBIGene:55294,FBXW7,FBW7
NCBIGene:55294,FBXW7,FBX30
NCBIGene:55294,FBXW7,FBXW6
NCBIGene:55294,FBXW7,FLJ11071
NCBIGene:55294,FBXW7,SEL-10
NCBIGene:55294,FBXW7,SEL10
NCBIGene:1809,DPYSL3,CRMP4
NCBIGene:1809,DPYSL3,DRP-3
NCBIGene:1809,DPYSL3,ULIP
NCBIGene:57650,CIP2A,KIAA1524
NCBIGene:51755,CDK12,CRK7
NCBIGene:51755,CDK12,CRKR
NCBIGene:51755,CDK12,CRKRS
NCBIGene:51755,CDK12,KIAA0904
NCBIGene:480,ATP1A4,ATP1AL2
NCBIGene:1286,COL4A4,CA44
NCBIGene:3171,FOXA3,HNF3G
NCBIGene:4717,NDUFC1,KFYI
NCBIGene:7412,VCAM1,CD106
NCBIGene:3953,LEPR,CD295
NCBIGene:3953,LEPR,LEP-R
NCBIGene:3953,LEPR,OB-R
NCBIGene:3953,LEPR,OBR
NCBIGene:55556,ENOSF1,FUCD
NCBIGene:55556,ENOSF1,HSRTSBETA
NCBIGene:55556,ENOSF1,RTS
NCBIGene:55556,ENOSF1,TYMSAS
NCBIGene:6404,SELPLG,CD162
NCBIGene:6404,SELPLG,PSGL-1
NCBIGene:100,ADA,ADA1
NCBIGene:6167,RPL37,EL37
NCBIGene:6167,RPL37,L37
NCBIGene:8204,NRIP1,RIP140
NCBIGene:5597,MAPK6,ERK3
NCBIGene:5597,MAPK6,HST17250
NCBIGene:5597,MAPK6,P97MAPK
NCBIGene:5597,MAPK6,PRKM6
NCBIGene:5029,P2RY2,P2U
NCBIGene:112744,IL17F,IL-17F
NCBIGene:112744,IL17F,ML-1
NCBIGene:112744,IL17F,ML1
NCBIGene:8314,BAP1,HUCEP-6
NCBIGene:8314,BAP1,KIAA0272
NCBIGene:8314,BAP1,UCHL2
NCBIGene:3145,HMBS,PBGD
NCBIGene:3145,HMBS,PORC
NCBIGene:3145,HMBS,UPS
NCBIGene:388,RHOB,ARH6
NCBIGene:388,RHOB,ARHB
NCBIGene:388,RHOB,MST081
NCBIGene:388,RHOB,RHOH6
NCBIGene:187,APLNR,AGTRL1
NCBIGene:187,APLNR,APJ
NCBIGene:187,APLNR,APJR
NCBIGene:187,APLNR,FLJ90771
NCBIGene:8115,TCL1A,TCL1
NCBIGene:51561,IL23A,IL-23
NCBIGene:51561,IL23A,IL-23A
NCBIGene:51561,IL23A,IL23P19
NCBIGene:51561,IL23A,P19
NCBIGene:51561,IL23A,SGRF
NCBIGene:81608,FIP1L1,DKFZP586K0717
NCBIGene:81608,FIP1L1,FIP1
NCBIGene:81608,FIP1L1,HFIP1
NCBIGene:5452,POU2F2,OCT2
NCBIGene:5452,POU2F2,OTF2
NCBIGene:6559,SLC12A3,NCC
NCBIGene:6559,SLC12A3,NCCT
NCBIGene:6559,SLC12A3,TSC
NCBIGene:29128,UHRF1,FLJ21925
NCBIGene:29128,UHRF1,ICBP90
NCBIGene:29128,UHRF1,NP95
NCBIGene:29128,UHRF1,RNF106
NCBIGene:29128,UHRF1,TDRD22
NCBIGene:4830,NME1,NDPKA
NCBIGene:4830,NME1,NM23
NCBIGene:4830,NME1,NM23-H1
NCBIGene:546,ATRX,JMS
NCBIGene:546,ATRX,MRX52
NCBIGene:546,ATRX,RAD54
NCBIGene:546,ATRX,XH2
NCBIGene:546,ATRX,XNP
NCBIGene:6138,RPL15,EC45
NCBIGene:6138,RPL15,EL15
NCBIGene:6138,RPL15,L15
NCBIGene:6138,RPL15,RPL10
NCBIGene:6138,RPL15,RPLY10
NCBIGene:6138,RPL15,RPYL10
NCBIGene:4549,MT-RNR1,12S
NCBIGene:4549,MT-RNR1,MOTS-C
NCBIGene:4549,MT-RNR1,MTRNR1
NCBIGene:6524,SLC5A2,SGLT2
NCBIGene:875,CBS,HIP4
NCBIGene:131096,KCNH8,ELK3
NCBIGene:131096,KCNH8,KV12.1
NCBIGene:3381,IBSP,BSP
NCBIGene:3381,IBSP,BSP-II
NCBIGene:3381,IBSP,SP-II
NCBIGene:5715,PSMD9,P27
NCBIGene:5715,PSMD9,RPN4
NCBIGene:3756,KCNH1,EAG
NCBIGene:3756,KCNH1,EAG1
NCBIGene:3756,KCNH1,H-EAG
NCBIGene:3756,KCNH1,HEAG
NCBIGene:3756,KCNH1,K(V)10.1
NCBIGene:3756,KCNH1,KV10.1
NCBIGene:348980,HCN1,BCNG-1
NCBIGene:348980,HCN1,BCNG1
NCBIGene:348980,HCN1,HAC-2
NCBIGene:1075,CTSC,DPP1
NCBIGene:1075,CTSC,PALS
NCBIGene:1075,CTSC,PLS
NCBIGene:9978,RBX1,BA554C12.1
NCBIGene:9978,RBX1,RNF75
NCBIGene:9978,RBX1,ROC1
NCBIGene:26130,GAPVD1,DKFZP434C212
NCBIGene:26130,GAPVD1,KIAA1521
NCBIGene:2551,GABPA,E4TF1-60
NCBIGene:2551,GABPA,E4TF1A
NCBIGene:2551,GABPA,NFT2
NCBIGene:2551,GABPA,NRF2
NCBIGene:2551,GABPA,NRF2A
NCBIGene:6579,SLCO1A2,OATP
NCBIGene:6579,SLCO1A2,OATP-A
NCBIGene:6579,SLCO1A2,OATP1A2
NCBIGene:6579,SLCO1A2,SLC21A3
NCBIGene:728,C5AR1,C5A
NCBIGene:728,C5AR1,C5AR
NCBIGene:728,C5AR1,C5R1
NCBIGene:728,C5AR1,CD88
NCBIGene:55779,CFAP44,FLJ11142
NCBIGene:55779,CFAP44,WDR52
NCBIGene:11343,MGLL,HU-K5
NCBIGene:11343,MGLL,MAGL
NCBIGene:11343,MGLL,MGL
NCBIGene:1013,CDH15,CDH14
NCBIGene:1013,CDH15,CDH3
NCBIGene:10840,ALDH1L1,10-FTHF
NCBIGene:10840,ALDH1L1,FDH
NCBIGene:10840,ALDH1L1,FTHFD
NCBIGene:2358,FPR2,ALX
NCBIGene:2358,FPR2,ALXR
NCBIGene:2358,FPR2,FMLP-R-II
NCBIGene:2358,FPR2,FMLPX
NCBIGene:2358,FPR2,FPR2A
NCBIGene:2358,FPR2,FPRH2
NCBIGene:2358,FPR2,FPRL1
NCBIGene:2358,FPR2,HM63
NCBIGene:2358,FPR2,LXA4R
NCBIGene:9370,ADIPOQ,ACDC
NCBIGene:9370,ADIPOQ,ACRP30
NCBIGene:9370,ADIPOQ,ADIPONECTIN
NCBIGene:9370,ADIPOQ,APM1
NCBIGene:9370,ADIPOQ,GBP28
NCBIGene:64061,TSPYL2,CDA1
NCBIGene:64061,TSPYL2,CINAP
NCBIGene:64061,TSPYL2,CTCL
NCBIGene:64061,TSPYL2,DENTT
NCBIGene:64061,TSPYL2,HRIHFB2216
NCBIGene:64061,TSPYL2,SE20-4
NCBIGene:64061,TSPYL2,TSPX
NCBIGene:345,APOC3,APO-C3
NCBIGene:345,APOC3,APO-CIII
NCBIGene:345,APOC3,APOC-3
NCBIGene:345,APOC3,APOC-III
NCBIGene:345,APOC3,APOCIII
NCBIGene:28951,TRIB2,GS3955
NCBIGene:28951,TRIB2,TRB2
NCBIGene:241,ALOX5AP,FLAP
NCBIGene:4882,NPR2,AMDM
NCBIGene:4882,NPR2,ANPB
NCBIGene:4882,NPR2,ANPRB
NCBIGene:4882,NPR2,GC-B
NCBIGene:4882,NPR2,GUCY2B
NCBIGene:4882,NPR2,NPRB
NCBIGene:84618,NT5C1A,CN-I
NCBIGene:84618,NT5C1A,CN-IA
NCBIGene:84618,NT5C1A,CN1
NCBIGene:84618,NT5C1A,CN1A
NCBIGene:84618,NT5C1A,MGC119199
NCBIGene:84618,NT5C1A,MGC119201
NCBIGene:1553,CYP2A13,CPAD
NCBIGene:1553,CYP2A13,CYP2A
NCBIGene:3479,IGF1,IGF
NCBIGene:3479,IGF1,IGF-I
NCBIGene:3479,IGF1,IGF1A
NCBIGene:3479,IGF1,IGFI
NCBIGene:7058,THBS2,TSP2
NCBIGene:9498,SLC4A8,NBC3
NCBIGene:6427,SRSF2,PR264
NCBIGene:6427,SRSF2,SC-35
NCBIGene:6427,SRSF2,SC35
NCBIGene:6427,SRSF2,SFRS2
NCBIGene:6427,SRSF2,SFRS2A
NCBIGene:23409,SIRT4,SIR2L4
NCBIGene:1326,MAP3K8,C-COT
NCBIGene:1326,MAP3K8,COT
NCBIGene:1326,MAP3K8,EST
NCBIGene:1326,MAP3K8,ESTF
NCBIGene:1326,MAP3K8,MEKK8
NCBIGene:1326,MAP3K8,TPL-2
NCBIGene:4337,MOCS1,MOCOD
NCBIGene:4337,MOCS1,MOCS1A
NCBIGene:4337,MOCS1,MOCS1B
NCBIGene:939,CD27,S152
NCBIGene:939,CD27,TNFRSF7
NCBIGene:939,CD27,TP55
NCBIGene:4807,NHLH1,BHLHA35
NCBIGene:4807,NHLH1,HEN1
NCBIGene:4807,NHLH1,NSCL
NCBIGene:4807,NHLH1,NSCL1
NCBIGene:51075,TMX2,PDIA12
NCBIGene:51075,TMX2,TXNDC14
NCBIGene:111,ADCY5,AC5
NCBIGene:1610,DAO,DAAO
NCBIGene:1610,DAO,DAMOX
NCBIGene:58498,MYL7,MYL2A
NCBIGene:58498,MYL7,MYLC2A
NCBIGene:3732,CD82,IA4
NCBIGene:3732,CD82,KAI1
NCBIGene:3732,CD82,R2
NCBIGene:3732,CD82,ST6
NCBIGene:3732,CD82,TSPAN27
NCBIGene:84634,KISS1R,AXOR12
NCBIGene:84634,KISS1R,GPR54
NCBIGene:84634,KISS1R,HOT7T175
NCBIGene:1000,CDH2,CD325
NCBIGene:1000,CDH2,CDHN
NCBIGene:1000,CDH2,NCAD
NCBIGene:117583,PARD3B,ALS2CR19
NCBIGene:117583,PARD3B,PAR3BETA
NCBIGene:117583,PARD3B,PAR3L
NCBIGene:2259,FGF14,FHF4
NCBIGene:2259,FGF14,SCA27
NCBIGene:2739,GLO1,GLOD1
NCBIGene:1718,DHCR24,DCE
NCBIGene:1718,DHCR24,KIAA0018
NCBIGene:1718,DHCR24,SELADIN-1
NCBIGene:130940,CCDC148,MGC125588
NCBIGene:10507,SEMA4D,C9ORF164
NCBIGene:10507,SEMA4D,CD100
NCBIGene:10507,SEMA4D,COLL-4
NCBIGene:10507,SEMA4D,FLJ39737
NCBIGene:10507,SEMA4D,SEMAJ
NCBIGene:23387,SIK3,FLJ12240
NCBIGene:23387,SIK3,KIAA0999
NCBIGene:23387,SIK3,L19
NCBIGene:23387,SIK3,QSK
NCBIGene:10866,HCP5,D6S2650E
NCBIGene:10866,HCP5,P5-1
NCBIGene:7786,MAP3K12,DLK
NCBIGene:7786,MAP3K12,MEKK12
NCBIGene:7786,MAP3K12,MUK
NCBIGene:7786,MAP3K12,ZPK
NCBIGene:7786,MAP3K12,ZPKP1
NCBIGene:1911,PHC1,EDR1
NCBIGene:1911,PHC1,HPH1
NCBIGene:1911,PHC1,RAE28
NCBIGene:81624,DIAPH3,AN
NCBIGene:81624,DIAPH3,AUNA1
NCBIGene:81624,DIAPH3,DRF3
NCBIGene:81624,DIAPH3,FLJ34705
NCBIGene:81624,DIAPH3,NSDAN
NCBIGene:1638,DCT,TRP-2
NCBIGene:1638,DCT,TRP2
NCBIGene:1638,DCT,TYRP2
NCBIGene:1509,CTSD,CLN10
NCBIGene:1509,CTSD,CPSD
NCBIGene:189,AGXT,AGT
NCBIGene:189,AGXT,AGT1
NCBIGene:189,AGXT,AGXT1
NCBIGene:189,AGXT,PH1
NCBIGene:189,AGXT,SER-PYRAT
NCBIGene:189,AGXT,SPAT
NCBIGene:189,AGXT,SPT
NCBIGene:189,AGXT,TLH6
NCBIGene:3231,HOXD1,HOX4
NCBIGene:3231,HOXD1,HOX4G
NCBIGene:6283,S100A12,CAAF1
NCBIGene:6283,S100A12,CAGC
NCBIGene:6283,S100A12,CGRP
NCBIGene:6283,S100A12,ENRAGE
NCBIGene:6283,S100A12,MRP6
NCBIGene:6283,S100A12,P6
NCBIGene:3002,GZMB,CCPI
NCBIGene:3002,GZMB,CGL-1
NCBIGene:3002,GZMB,CGL1
NCBIGene:3002,GZMB,CSP-B
NCBIGene:3002,GZMB,CSPB
NCBIGene:3002,GZMB,CTLA1
NCBIGene:3002,GZMB,CTSGL1
NCBIGene:3002,GZMB,HLP
NCBIGene:3002,GZMB,SECT
NCBIGene:10098,TSPAN5,NET-4
NCBIGene:10098,TSPAN5,TM4SF9
NCBIGene:10098,TSPAN5,TSPAN-5
NCBIGene:719,C3AR1,AZ3B
NCBIGene:719,C3AR1,C3AR
NCBIGene:9314,KLF4,EZF
NCBIGene:9314,KLF4,GKLF
NCBIGene:3549,IHH,BDA1
NCBIGene:3549,IHH,HHG2
NCBIGene:9575,CLOCK,BHLHE8
NCBIGene:9575,CLOCK,KAT13D
NCBIGene:9575,CLOCK,KIAA0334
NCBIGene:2867,FFAR2,FFA2R
NCBIGene:2867,FFAR2,GPR43
