ensembl_id,disease_efo_id,association_score
ENSG00000181092,MONDO_0000358,0.002220149376031967
ENSG00000196839,EFO_0006890,0.009615508061471784
ENSG00000211459,EFO_0004705,0.01406094604820246
ENSG00000186340,EFO_0004212,0.004810323648069262
ENSG00000171094,Orphanet_52901,0.04556486569409607
ENSG00000112115,EFO_1001461,0.018717249739479823
ENSG00000177272,EFO_0000564,0.00811999077345025
ENSG00000077782,MONDO_0010121,0.04814763946821327
ENSG00000112115,MONDO_0002108,0.02552731918105994
ENSG00000070915,EFO_0001376,0.003700248960053279
ENSG00000103044,EFO_0008528,0.009620647296138525
ENSG00000112115,MONDO_0008523,0.0051803485440745905
ENSG00000165731,MONDO_0010891,0.031429914666692545
ENSG00000159899,MONDO_0020310,0.38058088401081314
ENSG00000160584,EFO_0021901,0.23601889727877107
ENSG00000187098,EFO_0005140,0.056129224359147786
ENSG00000084453,GO_0009410,0.29850889492607774
ENSG00000103044,EFO_0009709,0.004070273856058606
ENSG00000133895,MONDO_0004483,0.002220149376031967
ENSG00000026103,EFO_0003818,0.029832503596951433
ENSG00000134640,EFO_0022148,0.3348750566466102
ENSG00000029559,EFO_0000771,0.00849001566945558
ENSG00000089163,EFO_0006335,0.02532383311684927
ENSG00000186951,EFO_0000537,0.09150450741901327
ENSG00000101966,MONDO_0008523,0.008140547712117212
ENSG00000017427,MONDO_0014248,0.007400497920106558
ENSG00000017427,EFO_0003767,0.036520395323857736
ENSG00000117984,EFO_0000400,0.04895744640076723
ENSG00000100387,MONDO_0011142,0.07400497920106557
ENSG00000133895,MONDO_0008170,0.09113855602890676
ENSG00000206337,HP_0040187,0.01677446195224153
ENSG00000118046,EFO_1002000,0.005550373440079919
ENSG00000133895,MONDO_0004992,0.06530129475243693
ENSG00000114013,MONDO_0021201,0.004070273856058606
ENSG00000103044,OBA_1000840,0.12447143548011139
ENSG00000161509,EFO_0003756,0.28879415286282495
ENSG00000140675,MONDO_0010356,0.03424950437425315
ENSG00000133895,MONDO_0008280,0.05900175447671622
ENSG00000177000,HP_0001270,0.002220149376031967
ENSG00000132671,MONDO_0005271,0.00850395981028561
ENSG00000181019,MONDO_0021681,0.004070273856058606
ENSG00000081052,EFO_0004194,0.06669822042886821
ENSG00000140675,EFO_0004142,0.008140547712117212
ENSG00000071575,EFO_0000401,0.002390581812211497
ENSG00000171094,EFO_0000335,0.2775186720039959
ENSG00000113580,HP_0002015,0.2605848937770853
ENSG00000165731,MONDO_0010720,0.03581100943539563
ENSG00000171049,EFO_1001248,0.0014800995840213117
ENSG00000117560,MONDO_0004986,0.05410673631755386
ENSG00000154727,EFO_0003918,0.0626931009225257
ENSG00000075043,MONDO_0019306,0.3418104976849216
ENSG00000171094,EFO_0004243,0.019532573827307092
ENSG00000110944,EFO_0007485,0.010552287756525273
ENSG00000186951,MONDO_0011382,0.0014800995840213117
ENSG00000110944,MONDO_0044721,0.05651883603217379
ENSG00000187764,EFO_0009765,0.04952573401207199
ENSG00000144908,Orphanet_1473,0.038580645781995514
ENSG00000110887,EFO_0001422,0.004810323648069262
ENSG00000163930,MONDO_0008315,0.08467987133626752
ENSG00000181092,Orphanet_602,0.052895264453348294
ENSG00000167258,OBA_0003277,0.3106292144882541
ENSG00000170608,MONDO_0024477,0.0014800995840213117
ENSG00000161547,EFO_1001968,0.2775186720039959
ENSG00000175591,EFO_1000018,0.0020145799893623406
ENSG00000177000,EFO_0004211,0.012797789524887158
ENSG00000134852,EFO_0007330,0.0014800995840213117
ENSG00000159899,EFO_0004995,0.44986728513577395
ENSG00000110245,MONDO_0001085,0.0014800995840213117
ENSG00000081052,EFO_0004530,0.03516224893282108
ENSG00000085224,EFO_0000504,0.2775186720039959
ENSG00000070915,MONDO_0009724,0.04053992760634372
ENSG00000065559,EFO_0020865,0.16135487550936126
ENSG00000081052,MONDO_0010015,0.034841544207861674
ENSG00000081052,HP_0001873,0.14800995840213113
ENSG00000081052,MONDO_0009061,0.0072349460687305585
ENSG00000187764,MONDO_0016064,0.024185514492421296
ENSG00000206530,MONDO_0957594,0.09035000670455426
ENSG00000163501,EFO_0003914,0.002220149376031967
ENSG00000019991,EFO_0009085,0.0029601991680426234
ENSG00000171094,EFO_0000771,0.007400497920106558
ENSG00000165731,MONDO_0021156,0.0014800995840213117
ENSG00000116678,MONDO_0013588,0.03598122088755808
ENSG00000136826,MONDO_0017795,0.011100746880159837
ENSG00000163501,EFO_0000571,0.007770522816111886
ENSG00000110245,EFO_0022237,0.5451721353712227
ENSG00000110887,EFO_0008572,0.0020145799893623406
ENSG00000074416,MONDO_0010383,0.004070273856058606
ENSG00000113580,EFO_0000717,0.09403257669735395
ENSG00000145216,OBA_2040561,0.08528477175885832
ENSG00000211459,EFO_0003918,0.02776728490439981
ENSG00000132681,MONDO_0032845,0.09128750589246107
ENSG00000113580,EFO_0010134,0.0018501244800266394
ENSG00000114013,EFO_0009130,0.009970115253476889
ENSG00000110887,EFO_1000821,0.0014800995840213117
ENSG00000100453,MONDO_0008006,0.00432723558939564
ENSG00000134852,EFO_1001050,0.0029601991680426234
ENSG00000168785,OBA_2042538,0.2632154541439839
ENSG00000169710,EFO_0000365,0.0027751867200399593
ENSG00000114013,EFO_0006738,0.003700248960053279
ENSG00000111752,EFO_0002430,0.0018501244800266394
ENSG00000017427,EFO_1001928,0.009620647296138525
ENSG00000110245,EFO_0022317,0.5095545690742908
ENSG00000053918,EFO_0000232,0.004440298752063934
ENSG00000165731,EFO_0003032,0.2035136928029303
ENSG00000165731,EFO_0005701,0.008880597504127868
ENSG00000137267,MONDO_0700044,0.40702738560586066
ENSG00000100721,EFO_1001051,0.002220149376031967
ENSG00000170558,MONDO_0017795,0.017460652564944744
ENSG00000075043,EFO_1001901,0.25901742720372944
ENSG00000167258,EFO_0006544,0.2780737093480039
ENSG00000113580,EFO_0003767,0.11438637546480564
ENSG00000132671,MONDO_0004286,0.0014800995840213117
ENSG00000159899,MONDO_0016780,0.032539989354708525
ENSG00000124767,MONDO_0021148,0.003700248960053279
ENSG00000177272,MONDO_0002334,0.004810323648069262
ENSG00000198001,EFO_0007874,0.12709406647484242
ENSG00000085117,MONDO_0013934,0.033087626200796416
ENSG00000100387,MONDO_0002974,0.00849001566945558
ENSG00000172482,MONDO_0009216,0.03885261408055943
ENSG00000029559,EFO_0007218,0.011100746880159837
ENSG00000152086,EFO_0002939,0.07400497920106557
ENSG00000187098,EFO_0000549,0.004440298752063934
ENSG00000100453,MONDO_0007254,0.07393901427232613
ENSG00000196549,HP_0009726,0.029150519587435537
ENSG00000116678,MONDO_0023161,0.008880597504127868
ENSG00000145216,MONDO_0004643,0.0030321484533769923
ENSG00000109670,MONDO_0018630,0.013320896256191803
ENSG00000071575,EFO_0005423,0.1876204095308425
ENSG00000017427,MONDO_0008733,0.004440298752063934
ENSG00000187098,Orphanet_75376,0.07240767131783625
ENSG00000117984,EFO_1000158,0.007400497920106558
ENSG00000187098,MONDO_0002691,0.011013379890825244
ENSG00000026103,MONDO_0002207,0.0018501244800266394
ENSG00000074416,MONDO_0005041,0.012580846464181148
ENSG00000110944,EFO_1001999,0.012580846464181146
ENSG00000116981,EFO_0000537,0.002220149376031967
ENSG00000159899,MONDO_0007496,0.030475250434998803
ENSG00000186951,MONDO_0007809,0.05554073689039971
ENSG00000162692,EFO_1002049,0.0027751867200399593
ENSG00000112116,HP_0002783,0.0014800995840213117
ENSG00000177000,EFO_0010702,0.012580846464181148
ENSG00000171094,EFO_0003918,0.00795553526411455
ENSG00000102466,Orphanet_199348,0.03291001425071386
ENSG00000196549,MONDO_0021251,0.002220149376031967
ENSG00000017427,EFO_1001109,0.0140526491502857
ENSG00000116678,EFO_0001074,0.3562800411294456
ENSG00000109390,MONDO_0018875,0.03700248960053278
ENSG00000114013,EFO_0007292,0.005008993874404641
ENSG00000118046,EFO_0004287,0.002220149376031967
ENSG00000116678,MONDO_0003783,0.0014800995840213117
ENSG00000171049,EFO_0000756,0.06143478651186762
ENSG00000133895,MONDO_0014048,0.03497475317042359
ENSG00000017427,MONDO_0016642,0.04503459799676873
ENSG00000171094,MONDO_0005575,0.08261106050071988
ENSG00000186951,MONDO_0015674,0.002590174272037295
ENSG00000102970,MONDO_0015459,0.005622322725414287
ENSG00000107968,EFO_0001075,0.013473921597787018
ENSG00000140675,Orphanet_88643,0.03076386985388296
ENSG00000089163,OBA_VT0001253,0.061946385647296695
ENSG00000180530,EFO_0004517,0.05448464013582145
ENSG00000077782,MONDO_0009629,0.042630568268773816
ENSG00000177000,EFO_0005225,0.004440298752063934
ENSG00000131477,EFO_0002503,0.0057508035920828034
ENSG00000239672,MONDO_0002974,0.04973511825178762
ENSG00000186340,EFO_1001475,0.02685855025535449
ENSG00000187764,EFO_0022254,0.04530031760418672
ENSG00000112115,EFO_0007986,0.03719319835122028
ENSG00000169710,HP_0003074,0.05890676158724208
ENSG00000132681,EFO_0005407,0.002220149376031967
ENSG00000116981,MONDO_0008921,0.002590174272037295
ENSG00000116678,Orphanet_2278,0.031429914666692545
ENSG00000117984,EFO_0005622,0.004440298752063934
ENSG00000143878,MONDO_0018899,0.005067285381406296
ENSG00000172482,MONDO_0012725,0.054719281621267886
ENSG00000085117,EFO_0001668,0.012765858912183813
ENSG00000165916,EFO_0000222,0.0943049561346912
ENSG00000170558,EFO_0005241,0.3204620920990356
ENSG00000065559,EFO_0000349,0.2775186720039959
ENSG00000164588,MONDO_0007152,0.06722982335520802
ENSG00000117560,HP_0003073,0.005550373440079919
ENSG00000196839,EFO_0000769,0.034732592432926764
ENSG00000177272,HP_0011675,0.01106476015390783
ENSG00000113580,EFO_0003855,0.002220149376031967
ENSG00000117560,EFO_0001064,0.004512248037398303
ENSG00000017427,MONDO_0002257,0.003700248960053279
ENSG00000019991,EFO_0009860,0.021255874581639394
ENSG00000110245,EFO_0004468,0.35544719915930223
ENSG00000165731,EFO_1001469,0.07400497920106557
ENSG00000107968,EFO_1001760,0.006660448128095901
ENSG00000187764,EFO_0022008,0.022765998928567385
ENSG00000165731,MONDO_0016700,0.18551609300000452
ENSG00000198001,EFO_0000508,0.1916159395347976
ENSG00000132965,EFO_0003966,0.002220149376031967
ENSG00000160584,OBA_VT0010046,0.34832804104051407
ENSG00000211459,MONDO_0010788,0.004810323648069262
ENSG00000113580,HP_0006536,0.5723528898116435
ENSG00000133895,HP_0001397,0.021088952239663655
ENSG00000026103,MONDO_0033262,0.05006251830504083
ENSG00000085117,MONDO_0020761,0.002220149376031967
ENSG00000080166,EFO_0007218,0.003700248960053279
ENSG00000187098,MONDO_0045063,0.18501244800266392
ENSG00000100721,EFO_0801819,0.24358643420883722
ENSG00000112115,EFO_0004906,0.021067680254487183
ENSG00000167258,MONDO_0008411,0.003700248960053279
ENSG00000109670,EFO_1000155,0.18501244800266392
ENSG00000107968,EFO_0000544,0.04555145670101601
ENSG00000173175,OBA_2040646,0.01984177820281322
ENSG00000129219,HP_0001952,0.004070273856058606
ENSG00000101966,MONDO_0042491,0.02195481049631612
ENSG00000181929,MONDO_0012675,0.03458992727857805
ENSG00000079739,EFO_1000897,0.007400497920106558
ENSG00000110887,EFO_0600064,0.00571482894941562
ENSG00000109670,EFO_0004541,0.28171313936935105
ENSG00000180530,MONDO_0004892,0.41787829490166106
ENSG00000112115,EFO_0007800,0.03130744407840745
ENSG00000160584,MONDO_0016761,0.003700248960053279
ENSG00000117560,MONDO_0014810,0.04312270138046091
ENSG00000181092,EFO_0000685,0.12035822105018061
ENSG00000071575,EFO_0007986,0.45246407184419446
ENSG00000187764,EFO_0009946,0.031747606580366926
ENSG00000165092,MONDO_0003036,0.006747815117430493
ENSG00000109861,MONDO_0002898,0.18457062506364996
ENSG00000120088,EFO_0010968,0.07106042452821973
ENSG00000081052,EFO_0005922,0.002220149376031967
ENSG00000112115,EFO_0000464,0.08596275292234802
ENSG00000186951,HP_0010992,0.002220149376031967
ENSG00000070915,EFO_1001436,0.002220149376031967
ENSG00000169710,EFO_0000232,0.0819480631833668
ENSG00000171860,EFO_1001249,0.019390332397612526
ENSG00000183960,EFO_0001358,0.05886518655837607
ENSG00000101966,MONDO_0018177,0.05602673510201474
ENSG00000109861,EFO_0003767,0.01498600828821578
ENSG00000188229,EFO_0000556,0.25901742720372944
ENSG00000120885,EFO_1001434,0.0014800995840213117
ENSG00000113580,EFO_0011052,0.002220149376031967
ENSG00000096060,EFO_0000676,0.007012474047043418
ENSG00000175591,EFO_0000763,0.013215310753182039
ENSG00000239672,MONDO_0008233,0.0051803485440745905
ENSG00000164588,MONDO_0009830,0.03811256428854878
ENSG00000139193,EFO_0803548,0.020749739886442214
ENSG00000116678,MONDO_0017967,0.03635864628148352
ENSG00000165731,EFO_0000319,0.003515236512050615
ENSG00000140675,MONDO_0019524,0.03339844711344089
ENSG00000163221,EFO_0003898,0.002220149376031967
ENSG00000077782,HP_0000356,0.0014800995840213117
ENSG00000118046,Orphanet_276399,0.05655707193809436
ENSG00000162692,MONDO_0020546,0.017591600264253295
ENSG00000112115,EFO_1000203,0.0033302240640479507
ENSG00000167258,MONDO_0019402,0.03390168097200814
ENSG00000139193,EFO_0003914,0.030632844885654233
ENSG00000077782,MONDO_0010463,0.04905435464046632
ENSG00000239672,EFO_0005772,0.006732397413430271
ENSG00000134852,MONDO_0005147,0.009892058759549105
ENSG00000081052,MONDO_0007700,0.03043084744747816
ENSG00000081052,EFO_0001063,0.004255286304061271
ENSG00000074416,EFO_0007231,0.0014800995840213117
ENSG00000005022,OBA_2050096,0.17020426525416923
ENSG00000019991,EFO_1000233,0.2775186720039959
ENSG00000171860,EFO_1000796,0.012950871360186474
ENSG00000080166,EFO_0009589,0.11319802605784626
ENSG00000165092,EFO_0000339,0.011377237705230485
ENSG00000206530,MONDO_0005148,0.3152123326383374
ENSG00000113580,EFO_1001857,0.30564056410040086
ENSG00000276043,EFO_0000401,0.010484244289537622
ENSG00000074416,EFO_0000676,0.008907094081621183
ENSG00000188229,EFO_0003095,0.030321484533769927
ENSG00000112115,EFO_0005225,0.015251591270752322
ENSG00000172482,MONDO_0011456,0.04169440528188035
ENSG00000116014,MONDO_0003916,0.004440298752063934
ENSG00000085117,MONDO_0015701,0.035596394995712544
ENSG00000177272,MONDO_0004580,0.007400497920106558
ENSG00000139193,EFO_0000313,0.010142382399506038
ENSG00000197838,MONDO_0016107,0.008880597504127868
ENSG00000163221,EFO_0007141,0.0046536797754270064
ENSG00000017427,MONDO_0100574,0.007400497920106558
ENSG00000165092,EFO_0000432,0.07883858153821906
ENSG00000029559,OBA_2041840,0.22380582886701492
ENSG00000170558,MONDO_0008233,0.0033302240640479507
ENSG00000132671,EFO_0006352,0.0014800995840213117
ENSG00000165916,EFO_0004528,0.12420559798357088
ENSG00000160200,EFO_1000044,0.011840796672170494
ENSG00000070915,MONDO_0003825,0.009885123474210524
ENSG00000186951,EFO_1001034,0.005141277774726545
ENSG00000085117,EFO_0000232,0.011717455040168717
ENSG00000173175,HP_0002135,0.03321343466543823
ENSG00000198001,EFO_0004239,0.020721394176298362
ENSG00000120885,EFO_1000652,0.0014800995840213117
ENSG00000181092,Orphanet_597,0.031733335081416916
ENSG00000053918,MONDO_0012209,0.0312671037124502
ENSG00000110801,EFO_0008527,0.004810323648069262
ENSG00000053918,MONDO_0012450,0.03424950437425315
ENSG00000107968,MONDO_0013284,0.041457589348436935
ENSG00000187098,Orphanet_79478,0.10981585270799968
ENSG00000197405,MONDO_0013427,0.03448632030769656
ENSG00000065559,EFO_0000313,0.0268854019080696
ENSG00000276043,EFO_0022236,0.1255801122570128
ENSG00000124767,EFO_0000677,0.0014800995840213117
ENSG00000165092,EFO_0003756,0.007400497920106558
ENSG00000133895,EFO_1000359,0.39435505454508873
ENSG00000197405,OBA_2045223,0.06863913700858051
ENSG00000165731,EFO_1001951,0.13868727066610192
ENSG00000159899,MONDO_0009619,0.032243969437904266
ENSG00000112115,EFO_1001904,0.004070273856058606
ENSG00000113580,EFO_1001942,0.07465252276907489
ENSG00000112115,MONDO_0024280,0.02733312235975356
ENSG00000110944,MONDO_0011661,0.002220149376031967
ENSG00000160200,EFO_0003767,0.0020145799893623406
ENSG00000181929,Orphanet_79311,0.032606593835989496
ENSG00000181019,HP_0001732,0.006660448128095901
ENSG00000152086,EFO_0000712,0.3237717840046619
ENSG00000069956,EFO_0007834,0.010502835733150412
ENSG00000026103,MONDO_0001999,0.007770522816111886
ENSG00000165731,EFO_1001517,0.004070273856058606
ENSG00000196839,EFO_0003894,0.02073434504765855
ENSG00000164588,EFO_0009594,0.2445352986439238
ENSG00000114013,EFO_1002050,0.0027751867200399593
ENSG00000116014,MONDO_0014439,0.034841544207861674
ENSG00000164588,Orphanet_1368,0.031163496741568715
ENSG00000173175,OBA_VT0000047,0.29916426526790313
ENSG00000017427,MONDO_0007540,0.010545709536151847
ENSG00000112115,EFO_1001326,0.0029601991680426234
ENSG00000112115,EFO_0005246,0.004440298752063934
ENSG00000165731,EFO_1000229,0.2775186720039959
ENSG00000196839,MONDO_0021512,0.007400497920106558
ENSG00000132671,EFO_0000556,0.0034157758840862836
ENSG00000174748,OBA_VT0000217,0.04796971306651024
ENSG00000196839,MONDO_0002331,0.002220149376031967
ENSG00000026103,Orphanet_101075,0.0014800995840213117
ENSG00000017427,EFO_1001836,0.002220149376031967
ENSG00000144908,MONDO_0011414,0.0428858854470175
ENSG00000116014,MONDO_0030531,0.047136649224572044
ENSG00000171860,EFO_0003882,0.009620647296138525
ENSG00000118046,MONDO_0018604,0.03322083516335834
ENSG00000163221,EFO_0000734,0.002590174272037295
ENSG00000169710,EFO_0005547,0.46871959126609625
ENSG00000163930,MONDO_0009426,0.004625311200066598
ENSG00000167986,MONDO_0018906,0.5631019025653153
ENSG00000107968,EFO_0003839,0.002220149376031967
ENSG00000152086,MONDO_0018088,0.5814586025207766
ENSG00000162692,EFO_0002687,0.00873874204144501
ENSG00000110944,EFO_1001451,0.058276454288199095
ENSG00000053918,EFO_0000389,0.003700248960053279
ENSG00000112115,EFO_1001047,0.0056815267087751385
ENSG00000177000,EFO_1000809,0.010300465257854977
ENSG00000139734,OBA_VT0015043,0.2754197666043609
ENSG00000172482,EFO_0004541,0.022409123697166525
ENSG00000197405,EFO_0005803,0.006845460576098566
ENSG00000103044,MONDO_0008231,0.0014800995840213117
ENSG00000160200,EFO_0004340,0.29742209725465346
ENSG00000133895,EFO_0005717,0.03251038736302811
ENSG00000162692,MONDO_0100114,0.004070273856058606
ENSG00000154727,EFO_0004305,0.10837351962833236
ENSG00000019991,MONDO_0016060,0.017962137335686294
ENSG00000174748,MONDO_0100135,0.07400497920106557
ENSG00000134852,EFO_0004718,0.0014800995840213117
ENSG00000162692,EFO_0004142,0.006660448128095901
ENSG00000113580,MONDO_0011804,0.002220149376031967
ENSG00000029559,MONDO_0013615,0.03265839732143024
ENSG00000133895,MONDO_0017317,0.03502655665586434
ENSG00000113580,EFO_0004289,0.05771555821667102
ENSG00000171094,EFO_0005232,0.2775186720039959
ENSG00000026103,MONDO_0004985,0.010062621477478221
ENSG00000159899,MONDO_0009486,0.03066026288300147
ENSG00000065559,MONDO_0002026,0.007400497920106558
ENSG00000110944,MONDO_0014334,0.04035491515834106
ENSG00000152086,EFO_0002617,0.29258690804687953
ENSG00000196839,EFO_1001209,0.0051803485440745905
ENSG00000113580,EFO_0001376,0.022525265544324338
ENSG00000085224,MONDO_0044348,0.0014800995840213117
ENSG00000196839,Orphanet_277,0.8555485303274093
ENSG00000128645,MONDO_0007389,0.03570000196659403
ENSG00000117560,HP_0002032,0.004440298752063934
ENSG00000017427,EFO_0005773,0.003954743860750277
ENSG00000129219,EFO_0004142,0.0014800995840213117
ENSG00000110944,Orphanet_169446,0.06270030748932946
ENSG00000113580,MONDO_0003758,0.007400497920106558
ENSG00000186951,MONDO_0014789,0.030630660891321042
ENSG00000081052,EFO_0009805,0.04036859374212114
ENSG00000187098,MONDO_0016381,0.06636207771986831
ENSG00000181092,EFO_0006566,0.007215485472103895
ENSG00000132671,EFO_0000401,0.011200435446813787
ENSG00000165731,MONDO_0016294,0.06111697095932267
ENSG00000180530,EFO_0002616,0.0024544099931439363
ENSG00000165731,EFO_0000326,0.05550373440079918
ENSG00000197405,EFO_0006340,0.003700248960053279
ENSG00000187764,MONDO_0100281,0.047696209095086775
ENSG00000026103,EFO_0007990,0.2956311541611094
ENSG00000172482,EFO_0003884,0.014894691341922974
ENSG00000181092,MONDO_0007376,0.007400497920106558
ENSG00000113580,EFO_0006859,0.008767534341459575
ENSG00000104549,EFO_0007986,0.09114832121551991
ENSG00000163501,MONDO_0008618,0.03595161889587766
ENSG00000171786,MONDO_0024540,0.0531429755642852
ENSG00000113580,HP_0012115,0.017032233377244424
ENSG00000196549,OBA_VT0005416,0.2983187108473791
ENSG00000136826,EFO_0009449,0.002220149376031967
ENSG00000085224,MONDO_0018945,0.003700248960053279
ENSG00000114013,MONDO_0011569,0.045592617561296477
ENSG00000116117,OBA_2050062,0.19227893145481018
ENSG00000017427,MONDO_0017349,0.002220149376031967
ENSG00000117984,Orphanet_585,0.004440298752063934
ENSG00000132681,EFO_0005207,0.0037002489600532784
ENSG00000152086,EFO_0009708,0.29717278931385105
ENSG00000075043,EFO_0004247,0.0014800995840213117
ENSG00000181019,EFO_0006340,0.003700248960053279
ENSG00000109670,EFO_0000729,0.0744786729822418
ENSG00000128645,MONDO_0016558,0.038386382711592705
ENSG00000170558,EFO_0004906,0.039106198097994954
ENSG00000112115,EFO_0007405,0.0089533564811281
ENSG00000118046,HP_0100582,0.008880597504127868
ENSG00000019991,EFO_0007874,0.3195022496869124
ENSG00000110245,EFO_1001176,0.01924129459227705
ENSG00000107968,EFO_0000612,0.011840796672170494
ENSG00000137070,EFO_0000095,0.011840796672170494
ENSG00000187098,OBA_0004528,0.07247560088414597
ENSG00000196549,MONDO_0100319,0.011667838695531361
ENSG00000126262,HP_0040270,0.018729414233588863
ENSG00000171860,EFO_0003888,0.0014800995840213117
ENSG00000017427,EFO_1001312,0.02058886927966601
ENSG00000017427,MONDO_0009872,0.0014800995840213117
ENSG00000077782,EFO_1000478,0.01425890936756531
ENSG00000154727,MONDO_0001134,0.004234729365394308
ENSG00000171094,MONDO_0014172,0.03157052412717458
ENSG00000144908,EFO_0004509,0.27637088197197046
ENSG00000171094,EFO_0002939,0.054801580962707624
ENSG00000132965,EFO_0000712,0.029734644514022534
ENSG00000187098,MONDO_0008982,0.06489275083174367
ENSG00000196839,EFO_0001378,0.011961144962184742
ENSG00000110944,EFO_0007540,0.004797578346095745
ENSG00000165731,EFO_0006890,0.007770522816111886
ENSG00000165092,EFO_0801555,0.031269753049538246
ENSG00000186951,EFO_0022337,0.0947889040693464
ENSG00000187764,MONDO_0033554,0.03863799964087634
ENSG00000065559,EFO_1001927,0.0018501244800266394
ENSG00000144908,EFO_0009071,0.003700248960053279
ENSG00000085117,EFO_0004305,0.05252342743297208
ENSG00000171049,EFO_0003029,0.004440298752063934
ENSG00000171094,MONDO_0014137,0.045353951503373034
ENSG00000196549,MONDO_0009655,0.007400497920106558
ENSG00000136826,MONDO_0008903,0.09851219679504204
ENSG00000154727,EFO_0001663,0.0021070862133636724
ENSG00000178035,EFO_0004288,0.003700248960053279
ENSG00000109670,EFO_0007328,0.04588308710466066
ENSG00000100453,MONDO_0008521,0.013408263245526394
ENSG00000197405,MONDO_0019736,0.0014800995840213117
ENSG00000017427,EFO_0003769,0.0014800995840213117
ENSG00000160200,EFO_0004211,0.0014800995840213117
ENSG00000112116,HP_0000739,0.003700248960053279
ENSG00000102466,EFO_0004462,0.2513661973608028
ENSG00000163930,EFO_0010642,0.5207211979192269
ENSG00000029559,MONDO_0007340,0.060773916766848395
ENSG00000112116,EFO_0004265,0.012580846464181148
ENSG00000116678,MONDO_0021355,0.0014800995840213117
ENSG00000019991,EFO_0007456,0.18501244800266392
ENSG00000120885,EFO_1000116,0.0014800995840213117
ENSG00000175591,MONDO_0009901,0.002220149376031967
ENSG00000118046,MONDO_0007888,0.07303376663374492
ENSG00000145216,EFO_0000708,0.18501244800266392
ENSG00000144908,MONDO_0015300,0.03785354686134504
ENSG00000177000,EFO_0000681,0.04471648083531053
ENSG00000139734,EFO_0003100,0.002220149376031967
ENSG00000187764,EFO_0005922,0.05245884064544867
ENSG00000187764,EFO_0006834,0.0014800995840213117
ENSG00000133895,EFO_0003762,0.011100746880159837
ENSG00000019991,MONDO_0800195,0.010710165045487543
ENSG00000167986,EFO_0005815,0.0014800995840213117
ENSG00000019991,MONDO_0016683,0.2775186720039959
ENSG00000137267,HP_0001250,0.11100746880159836
ENSG00000169710,OBA_2050096,0.07934846375910212
ENSG00000165092,EFO_0003014,0.019187435412969606
ENSG00000096060,MONDO_0020121,0.0014800995840213117
ENSG00000163221,MONDO_0016525,0.013875933600199794
ENSG00000187098,EFO_1000619,0.2775186720039959
ENSG00000134640,EFO_0004346,0.27458174288934944
ENSG00000110944,EFO_0004152,0.002220149376031967
ENSG00000170558,EFO_0005802,0.004440298752063934
ENSG00000163501,MONDO_0007987,0.03590721590835702
ENSG00000163501,EFO_0008527,0.004419741813396972
ENSG00000171094,MONDO_0019202,0.2785824935800112
ENSG00000181019,HP_0001397,0.01674440710192358
ENSG00000139734,EFO_1001999,0.002531193790952664
ENSG00000154727,EFO_1000636,0.013833038232454388
ENSG00000110944,EFO_0000699,0.0432039936429227
ENSG00000197405,MONDO_0002907,0.004810323648069262
ENSG00000019991,EFO_0022145,0.2333440340147634
ENSG00000118046,MONDO_0017400,0.03131150669997084
ENSG00000110245,EFO_0021897,0.570196361619307
ENSG00000187098,EFO_0003884,0.025675616395036367
ENSG00000181019,MONDO_0014403,0.035241171095547426
ENSG00000114013,EFO_0010266,0.03297661873199482
ENSG00000171094,MONDO_0017349,0.0033302240640479507
ENSG00000118046,MONDO_0007573,0.034271705868013466
ENSG00000101966,MONDO_0017979,0.008765067508819538
ENSG00000181929,EFO_1002048,0.1962148367245774
ENSG00000172482,MONDO_0007635,0.036151432339720534
ENSG00000153237,OBA_2043190,0.09903107645783583
ENSG00000170558,EFO_0000760,0.011470771776165166
ENSG00000107968,EFO_0000186,0.0128275297281847
ENSG00000100453,EFO_0002623,0.0051803485440745905
ENSG00000132671,EFO_1000172,0.003700248960053279
ENSG00000197405,EFO_1001467,0.0014800995840213117
ENSG00000111752,EFO_0803382,0.0014800995840213117
ENSG00000167986,MONDO_0018075,0.007400497920106558
ENSG00000154727,MONDO_0004557,0.002590174272037295
ENSG00000165916,EFO_0022238,0.05664169568499856
ENSG00000019991,EFO_1000485,0.0029601991680426234
ENSG00000197405,EFO_1001875,0.012381300504014368
ENSG00000163507,EFO_1000627,0.04351588768762637
ENSG00000110245,EFO_0004911,0.07094727898449903
ENSG00000110944,EFO_0000763,0.03898098372112886
ENSG00000133895,MONDO_0002025,0.002220149376031967
ENSG00000186951,HP_0001300,0.011854454450503208
ENSG00000118046,MONDO_0970943,0.040369716154181265
ENSG00000171094,EFO_1000156,0.1873867744186981
ENSG00000075043,MONDO_0008840,0.01978153094044483
ENSG00000165731,MONDO_0008073,0.06072656266180502
ENSG00000140675,MONDO_0008233,0.0014800995840213117
ENSG00000181019,HP_0001822,0.04525675995773009
ENSG00000154727,HP_0010992,0.013855376661532831
ENSG00000196839,EFO_0000309,0.013875933600199794
ENSG00000107968,EFO_0003032,0.0071949285334369315
ENSG00000110887,HP_0002315,0.002754629781372996
ENSG00000161509,EFO_0000512,0.18501244800266392
ENSG00000116678,MONDO_0005277,0.030564138138901166
ENSG00000136826,EFO_1001078,0.003700248960053279
ENSG00000164588,EFO_0000519,0.03718750204853545
ENSG00000101966,MONDO_0005148,0.01293636613254545
ENSG00000102970,EFO_0005537,0.007400497920106558
ENSG00000116678,Orphanet_69076,0.06867040222464209
ENSG00000026103,EFO_1000417,0.2775186720039959
ENSG00000173175,EFO_1000727,0.003515236512050615
ENSG00000196549,EFO_0007344,0.00518034854407459
ENSG00000075043,HP_0003040,0.0014800995840213117
ENSG00000171860,Orphanet_1334,0.03342804910512132
ENSG00000053918,MONDO_0014550,0.05220126220395164
ENSG00000213593,MONDO_0005351,0.03951517871915922
ENSG00000211459,EFO_0000401,0.0051803485440745905
ENSG00000187098,EFO_0010681,0.03003952763945726
ENSG00000171094,MONDO_0002120,0.04977730130297948
ENSG00000239672,MONDO_0016642,0.022571518656325
ENSG00000026103,EFO_0007494,0.003700248960053279
ENSG00000134852,EFO_0005225,0.0040986424314190155
ENSG00000077782,MONDO_0001149,0.004070273856058606
ENSG00000114013,EFO_0005547,0.015838901339588242
ENSG00000170558,EFO_1000601,0.00888059750412787
ENSG00000163501,MONDO_0002691,0.003700248960053279
ENSG00000077782,Orphanet_85199,0.033450250598881646
ENSG00000181019,MONDO_0021117,0.004070273856058606
ENSG00000154727,EFO_1001219,0.009250622400133196
ENSG00000140675,EFO_0003770,0.26645173281658213
ENSG00000100453,MONDO_0008280,0.003700248960053279
ENSG00000177000,EFO_0004259,0.012449405229598004
ENSG00000163221,MONDO_0005351,0.0014800995840213117
ENSG00000116678,MONDO_0009239,0.039341046943286447
ENSG00000171094,EFO_0003768,0.0014800995840213117
ENSG00000112116,EFO_0001066,0.023219180473552044
ENSG00000170558,MONDO_0018531,0.007400497920106558
ENSG00000185527,EFO_0009606,0.09530226126869666
ENSG00000169710,MONDO_0011142,0.00293964222937566
ENSG00000134817,MONDO_0019145,0.030726867364282432
ENSG00000080166,MONDO_0008380,0.053129407984764995
ENSG00000075043,MONDO_0020310,0.05645121398242882
ENSG00000053918,EFO_0801229,0.2771889246716509
ENSG00000118046,EFO_1000566,0.6352584730784393
ENSG00000101966,EFO_0007132,0.008880597504127868
ENSG00000181092,EFO_0006792,0.0014800995840213117
ENSG00000171049,HP_0040187,0.0011427353038506503
ENSG00000132965,MONDO_0007142,0.003700248960053279
ENSG00000181019,HP_0100543,0.005136424053096844
ENSG00000019991,MONDO_0021086,0.0014800995840213117
ENSG00000134817,EFO_0003086,0.012950871360186474
ENSG00000026103,MONDO_0014491,0.031333708193731165
ENSG00000079739,EFO_0022293,0.399428869902392
ENSG00000109861,MONDO_0016168,0.0014800995840213117
ENSG00000171786,MONDO_0013960,0.050241980379603424
ENSG00000109670,MONDO_0044925,0.37002489600532784
ENSG00000175591,MONDO_0002462,0.011501607184165609
ENSG00000110245,EFO_0022335,0.6080361111381928
ENSG00000110801,MONDO_0018079,0.007400497920106558
ENSG00000126262,EFO_0007834,0.06813716303793234
ENSG00000089163,HP_0000855,0.010395532644738227
ENSG00000132965,HP_0000855,0.01225631976039936
ENSG00000096060,MONDO_0001657,0.0014800995840213117
ENSG00000181929,MONDO_0008315,0.003700248960053279
ENSG00000170558,EFO_1001496,0.00687629598409901
ENSG00000005022,EFO_0005319,0.002220149376031967
ENSG00000112116,MONDO_0005148,0.01958910540864124
ENSG00000139193,EFO_0003047,0.020627915801145473
ENSG00000181929,MONDO_0044635,0.03394608395952878
ENSG00000109861,EFO_0003948,0.004625311200066598
ENSG00000116117,HP_0003419,0.27597286697226586
ENSG00000187764,EFO_0001075,0.002847136005374328
ENSG00000181019,EFO_0006527,0.15511671124867973
ENSG00000171786,MONDO_0100316,0.054845090085909695
ENSG00000163501,Orphanet_2484,0.03491554918706274
ENSG00000079739,MONDO_0007915,0.0029601991680426234
ENSG00000120088,MONDO_0021251,0.007400497920106558
ENSG00000104549,EFO_0000339,0.002760383366308861
ENSG00000170608,MONDO_0100096,0.06231361371572323
ENSG00000163501,MONDO_0013561,0.04000709175609605
ENSG00000164588,EFO_0004138,0.05148526403018132
ENSG00000079739,EFO_0005545,0.5594025470045172
ENSG00000120885,MONDO_0001134,0.009620647296138525
ENSG00000196549,MONDO_0007817,0.03379067350320654
ENSG00000126262,MONDO_0014472,0.03470093474737965
ENSG00000053918,MONDO_0004979,0.006520577856589056
ENSG00000075043,MONDO_0011904,0.058662924735138004
ENSG00000114013,EFO_1001391,0.003700248960053279
ENSG00000124615,EFO_0800672,0.16211140644773442
ENSG00000159899,EFO_0000544,0.02935547681084657
ENSG00000196839,MONDO_0002691,0.00576375446344299
ENSG00000102466,EFO_0005772,0.006884814527764983
ENSG00000186951,EFO_0005612,0.0052677155334091815
ENSG00000100453,EFO_0000478,0.007400497920106558
ENSG00000183960,EFO_0009708,0.25901742720372944
ENSG00000116717,MONDO_0002630,0.00703047302410123
ENSG00000154727,EFO_0004211,0.010902989130183656
ENSG00000114013,EFO_1001950,0.008864653290780155
ENSG00000181092,MONDO_0018088,0.024031061301679355
ENSG00000132671,EFO_0000495,0.003700248960053279
ENSG00000100453,MONDO_0017904,0.03614403184180043
ENSG00000165219,EFO_0003877,0.3475199744640422
ENSG00000109670,EFO_0000178,0.28254037237390817
ENSG00000197405,MONDO_0005053,0.0033302240640479507
ENSG00000117984,MONDO_0008021,0.007400497920106558
ENSG00000118046,EFO_1000727,0.0029601991680426234
ENSG00000026103,EFO_0005297,0.04021800594681909
ENSG00000134852,MONDO_0009588,0.004255286304061271
ENSG00000117984,EFO_0003095,0.06291389839009205
ENSG00000181929,Orphanet_79293,0.044290129927357716
ENSG00000089163,MONDO_0007576,0.0038725161060824257
ENSG00000136826,EFO_1001996,0.004440298752063934
ENSG00000136826,MONDO_0002529,0.27833567868867076
ENSG00000160200,MONDO_0009597,0.044351184035198596
ENSG00000118046,MONDO_0018653,0.08496211530769804
ENSG00000134640,EFO_0022280,0.3321184651088889
ENSG00000165092,EFO_1000388,0.003700248960053279
ENSG00000109390,EFO_1000783,0.03700248960053278
ENSG00000159899,MONDO_0018479,0.0014800995840213117
ENSG00000171049,MONDO_0016643,0.009507584133470231
ENSG00000096060,EFO_0003869,0.009152976941465125
ENSG00000154727,MONDO_0010200,0.035500761640875754
ENSG00000163221,MONDO_0030602,0.0014800995840213117
ENSG00000120088,HP_0001952,0.002220149376031967
ENSG00000170558,MONDO_0018948,0.0014800995840213117
ENSG00000102970,MONDO_0009903,0.004440298752063934
ENSG00000162692,EFO_0000701,0.007187322466130154
ENSG00000118046,EFO_0009842,0.003700248960053279
ENSG00000197405,EFO_0009518,0.0014800995840213117
ENSG00000154727,EFO_0000495,0.07529956714928598
ENSG00000186951,MONDO_0008173,0.0358850144145967
ENSG00000107968,MP_0001845,0.008746977402792611
ENSG00000111671,EFO_0004784,0.04203971368704006
ENSG00000053918,MONDO_0041052,0.07400497920106557
ENSG00000070915,EFO_0000335,0.00828589690308433
ENSG00000137267,MONDO_0010011,0.002590174272037295
ENSG00000170608,EFO_0008591,0.03826573984208755
ENSG00000112116,EFO_0001065,0.01073072198415451
ENSG00000117560,EFO_0000540,0.009563295200247159
ENSG00000143878,MONDO_0002367,0.0014800995840213117
ENSG00000071575,MONDO_0005041,0.47488894234329027
ENSG00000163221,EFO_0000691,0.012482748146875547
ENSG00000118046,MONDO_0032805,0.003700248960053279
ENSG00000129219,EFO_0007328,0.007934978325447588
ENSG00000116117,Orphanet_1068,0.03410889491377113
ENSG00000171786,EFO_0000209,0.002590174272037295
ENSG00000181929,EFO_0004346,0.1403324453744037
ENSG00000116678,MONDO_0007079,0.027857715741199086
ENSG00000132965,EFO_0003086,0.003700248960053279
ENSG00000019991,MONDO_0013826,0.05085622170697227
ENSG00000116717,EFO_0004517,0.03438220252244578
ENSG00000110801,MONDO_0020593,0.00943563484813586
ENSG00000186340,HP_0001873,0.0029601991680426234
ENSG00000139625,EFO_0009448,0.0014800995840213117
ENSG00000120088,EFO_0000232,0.018079827557593662
ENSG00000117984,EFO_1001068,0.002220149376031967
ENSG00000186951,EFO_1001467,0.03529297458098817
ENSG00000154727,EFO_0001061,0.0082022185281181
ENSG00000110944,EFO_1000784,0.021276431520306355
ENSG00000276043,EFO_0003865,0.026641792512383605
ENSG00000177000,EFO_0006812,0.010730721984154508
ENSG00000117560,EFO_0009756,0.00795553526411455
ENSG00000019991,MONDO_0007142,0.010237355456147405
ENSG00000197405,MONDO_0001336,0.01443097094420779
ENSG00000188229,EFO_0003891,0.0966176117347245
ENSG00000112116,EFO_0008527,0.00980565974414119
ENSG00000185527,EFO_0000616,0.009523001837470452
ENSG00000181092,MONDO_0002974,0.008353928735480284
ENSG00000120885,EFO_0003966,0.009620647296138525
ENSG00000186340,EFO_0000478,0.0015134844296647457
ENSG00000070915,EFO_0000319,0.5922068834806987
ENSG00000175591,EFO_0004986,0.009250622400133196
ENSG00000116981,EFO_0000641,0.0205347936403195
ENSG00000196839,EFO_1001961,0.003700248960053279
ENSG00000132671,MONDO_0001751,0.0045944757920661555
ENSG00000124767,MONDO_0013518,0.03537438005810934
ENSG00000132681,MONDO_0030938,0.07794697775984231
ENSG00000137267,EFO_0005540,0.07400497920106557
ENSG00000160584,MONDO_0009805,0.04071753955642628
ENSG00000177000,EFO_0000707,0.02185770544848037
ENSG00000104549,HP_0001397,0.002590174272037295
ENSG00000106631,EFO_0022173,0.031180986373338958
ENSG00000026103,EFO_1000368,0.004440298752063934
ENSG00000171860,MONDO_0015459,0.0014800995840213117
ENSG00000075043,EFO_0005773,0.003700248960053279
ENSG00000170608,EFO_0003900,0.003700248960053279
ENSG00000116981,MONDO_0007915,0.08152253965407857
ENSG00000117984,Orphanet_228337,0.7347605840247036
ENSG00000117560,EFO_1001031,0.002590174272037295
ENSG00000187098,Orphanet_383,0.035551992008191896
ENSG00000154727,EFO_1001514,0.002220149376031967
ENSG00000162692,EFO_0007485,0.002220149376031967
ENSG00000180530,EFO_0001378,0.024144908107747116
ENSG00000165916,MONDO_0019438,0.09636065000138747
ENSG00000160584,MONDO_0014981,0.03172593458349681
ENSG00000160200,MONDO_0016525,0.007215485472103895
ENSG00000109670,EFO_0003777,0.0014800995840213117
ENSG00000177000,EFO_0004533,0.05679795566923575
ENSG00000026103,MONDO_0971173,0.03289521325487365
ENSG00000143473,MONDO_0032714,0.002220149376031967
ENSG00000170608,EFO_0003767,0.0570091530484998
ENSG00000120088,EFO_0004527,0.021669219899568715
ENSG00000154727,EFO_0009373,0.002847136005374328
ENSG00000186951,EFO_0004145,0.03279345883972071
ENSG00000110944,EFO_0006859,0.0014800995840213117
ENSG00000114013,MONDO_0003334,0.002220149376031967
ENSG00000276043,EFO_0000707,0.06547384965427606
ENSG00000145216,MONDO_0005575,0.003700248960053279
ENSG00000109670,EFO_0007990,0.04977122181732264
ENSG00000110944,MONDO_0021259,0.005704550480082137
ENSG00000131477,MONDO_0005475,0.003700248960053279
ENSG00000162692,EFO_1001047,0.0014800995840213117
ENSG00000170558,MONDO_0043579,0.0014800995840213117
ENSG00000111671,MONDO_0957572,0.0335094545822425
ENSG00000134640,EFO_0003756,0.27876750602801387
ENSG00000137070,MONDO_0008903,0.014009553701535057
ENSG00000181019,EFO_0004875,0.022630010685398737
ENSG00000103044,MONDO_0100234,0.003700248960053279
ENSG00000019991,EFO_0004208,0.005159791605407629
ENSG00000143878,EFO_0000519,0.022810172128367622
ENSG00000026103,EFO_0000564,0.00795553526411455
ENSG00000180530,HP_0010783,0.0051803485440745905
ENSG00000167986,MONDO_0013730,0.10072899946811702
ENSG00000196839,EFO_0003921,0.004255286304061271
ENSG00000185513,OBA_2041267,0.0200749182344757
ENSG00000019991,EFO_0009614,0.020346998104574635
ENSG00000118046,EFO_0700022,0.032443782881747145
ENSG00000181019,MONDO_0019192,0.03811256428854878
ENSG00000132671,EFO_0000769,0.0018501244800266394
ENSG00000181019,EFO_1000453,0.012025809120173156
ENSG00000165092,MONDO_0005784,0.004255286304061271
ENSG00000133895,HP_0001394,0.00293964222937566
ENSG00000101966,MONDO_0014054,0.34042290432490163
ENSG00000132671,MONDO_0008222,0.002590174272037295
ENSG00000161509,EFO_0009964,0.18501244800266392
ENSG00000077782,MONDO_0003079,0.009507584133470231
ENSG00000116717,EFO_1000307,0.004255286304061271
ENSG00000085224,EFO_1000233,0.37002489600532784
ENSG00000162692,EFO_0000181,0.00961180781251173
ENSG00000177000,MONDO_0019098,0.003700248960053279
ENSG00000111752,HP_0005359,0.0014800995840213117
ENSG00000143473,EFO_0003060,0.0014800995840213117
ENSG00000163221,MONDO_0044212,0.0018501244800266394
ENSG00000117560,EFO_0003099,0.006660448128095901
ENSG00000256269,EFO_0022233,0.23143488820775973
ENSG00000116117,EFO_0008511,0.0012744154916714623
ENSG00000133895,EFO_1000992,0.0014800995840213117
ENSG00000117560,MONDO_0016047,0.01633516017292854
ENSG00000170558,EFO_0000565,0.08876601991311772
ENSG00000163930,MONDO_0000521,0.21886162245373555
ENSG00000187764,EFO_0003839,0.010607380352152732
ENSG00000196839,HP_0002119,0.0018501244800266394
ENSG00000117560,EFO_1000116,0.008695585056125206
ENSG00000154727,EFO_1001129,0.0033302240640479507
ENSG00000197405,MONDO_0100233,0.002220149376031967
ENSG00000133895,MONDO_0007834,0.06605342019427737
ENSG00000117560,EFO_0009709,0.0200097402985826
ENSG00000170558,MONDO_0008300,0.0014800995840213117
ENSG00000110801,EFO_0000662,0.014245958496205123
ENSG00000132671,HP_0001394,0.004255286304061271
ENSG00000053918,EFO_1001461,0.0014800995840213117
ENSG00000177272,EFO_0005687,0.002590174272037295
ENSG00000075043,MONDO_0015168,0.005920398336085247
ENSG00000079739,EFO_0007444,0.004440298752063934
ENSG00000139193,EFO_0000756,0.10475368558559102
ENSG00000102466,MONDO_0016394,0.0432466597206227
ENSG00000077782,MONDO_0026722,0.033687066532325054
ENSG00000109390,EFO_0004286,0.01850124480026639
ENSG00000171049,EFO_0000500,0.004255286304061271
ENSG00000077782,Orphanet_2435,0.03131150669997084
ENSG00000081052,EFO_1001028,0.2593874520997348
ENSG00000181092,EFO_0000641,0.08286613698812642
ENSG00000177272,EFO_0004335,0.07400497920106557
ENSG00000109670,MONDO_0024662,0.18501244800266392
ENSG00000028277,EFO_0005140,0.05655239523454762
ENSG00000126262,MONDO_0971001,0.04191457009500352
ENSG00000139193,EFO_0009448,0.014816413544213336
ENSG00000177000,MONDO_0017596,0.007400497920106558
ENSG00000109670,MONDO_0100330,0.002220149376031967
ENSG00000196839,MONDO_0004782,0.002220149376031967
ENSG00000164588,EFO_0004612,0.3465704067130542
ENSG00000110876,EFO_0000707,0.022770920961394537
ENSG00000100453,EFO_0004239,0.028254009364646792
ENSG00000112116,EFO_0007160,0.02035458209315205
ENSG00000029559,MONDO_0019797,0.033457651096801745
ENSG00000081052,MONDO_0018896,0.04206258005340564
ENSG00000096060,MONDO_0004355,0.007400497920106558
ENSG00000100453,MONDO_0016471,0.009187294443158136
ENSG00000169710,EFO_1000581,0.003700248960053279
ENSG00000167258,EFO_1000262,0.2775186720039959
ENSG00000117560,HP_0040223,0.0029601991680426234
ENSG00000132671,EFO_1001418,0.0014800995840213117
ENSG00000109670,HP_0000975,0.03184939133983265
ENSG00000117560,EFO_0009429,0.002220149376031967
ENSG00000120885,EFO_0000612,0.033949039811741355
ENSG00000053918,MONDO_0010662,0.0341903003908923
ENSG00000065559,MONDO_0008493,0.03789054935094557
ENSG00000120088,EFO_0004346,0.2855536321193823
ENSG00000029559,EFO_0008572,0.002220149376031967
ENSG00000163501,MONDO_0008170,0.003700248960053279
ENSG00000077782,EFO_1000045,0.29624375902530253
ENSG00000065559,Orphanet_91088,0.002590174272037295
ENSG00000198001,EFO_0007944,0.12709406647484242
ENSG00000075043,MONDO_0007295,0.08528436587824131
ENSG00000165092,EFO_1000802,0.0014800995840213117
ENSG00000096060,OBA_0003277,0.28904214534141465
ENSG00000169710,EFO_0000495,0.019410682868314093
ENSG00000177000,EFO_0000278,0.018131219904261066
ENSG00000186951,MONDO_0024647,0.009250622400133196
ENSG00000079739,OBA_VT0000217,0.38113672055203957
ENSG00000109670,EFO_0000569,0.0014800995840213117
ENSG00000174748,OBA_2044852,0.029133089143249847
ENSG00000109670,EFO_1001461,0.005393729567437662
ENSG00000163507,MONDO_0054727,0.04663793789251153
ENSG00000177272,MONDO_0007113,0.00811999077345025
ENSG00000160200,MONDO_0009872,0.003700248960053279
ENSG00000112116,EFO_0000676,0.5797062900091206
ENSG00000163221,EFO_0010925,0.3546861202230635
ENSG00000110944,EFO_0003096,0.002590174272037295
ENSG00000186951,HP_0012207,0.004070273856058606
ENSG00000116678,MONDO_0014300,0.03238457889838629
ENSG00000171049,MONDO_0970993,0.03470093474737965
ENSG00000117560,MONDO_0021104,0.011840796672170494
ENSG00000170558,MONDO_0007473,0.024146475926413526
ENSG00000053918,EFO_0700134,0.04457751592992185
ENSG00000101966,EFO_0003914,0.009941952247503149
ENSG00000077782,Orphanet_1113,0.0433576671894243
ENSG00000181019,EFO_0006890,0.004604754261399636
ENSG00000102970,EFO_1001309,0.017740638069588775
ENSG00000171049,MONDO_0014118,0.032776805288151946
ENSG00000120088,MONDO_0005147,0.0029601991680426234
ENSG00000071575,EFO_0004833,0.48355197811392514
ENSG00000244122,EFO_0004197,0.006660448128095901
ENSG00000180530,EFO_0003884,0.39222133481493715
ENSG00000164588,MONDO_0016305,0.041672203788120026
ENSG00000196549,MONDO_0008903,0.041986202648867516
ENSG00000109670,EFO_1000223,0.2775186720039959
ENSG00000187098,MONDO_0060507,0.04101540959771057
ENSG00000165916,OBA_2050068,0.2122172586130474
ENSG00000173175,MONDO_0007576,0.003700248960053279
ENSG00000177000,EFO_0003818,0.0014800995840213117
ENSG00000180530,Orphanet_183539,0.5302546580622404
ENSG00000075043,MONDO_0007367,0.07722434997335192
ENSG00000175591,EFO_0000676,0.008993667562428868
ENSG00000196839,EFO_0000182,0.04313566447255283
ENSG00000134640,EFO_0000684,0.0014800995840213117
ENSG00000112116,EFO_0009071,0.003700248960053279
ENSG00000140675,MONDO_0004784,0.020721394176298362
ENSG00000165092,MONDO_0008185,0.002220149376031967
ENSG00000104549,EFO_1000999,0.01929605254323896
ENSG00000136826,EFO_0009455,0.2782668506378758
ENSG00000162692,EFO_0002610,0.003700248960053279
ENSG00000117984,EFO_1000653,0.0018501244800266394
ENSG00000163221,EFO_0000574,0.002590174272037295
ENSG00000139193,EFO_1000906,0.0014800995840213117
ENSG00000171860,EFO_1002048,0.0014800995840213117
ENSG00000152086,MONDO_0016216,0.07400497920106557
ENSG00000070915,MONDO_0019068,0.04200522619452482
ENSG00000256269,EFO_0006792,0.004440298752063934
ENSG00000134852,EFO_0000588,0.004604754261399636
ENSG00000084453,EFO_0005815,0.002220149376031967
ENSG00000110876,EFO_0010922,0.43995428426128996
ENSG00000164588,EFO_0801819,0.18405922215128606
ENSG00000077782,MONDO_0018975,0.004995336096071927
ENSG00000168785,OBA_0004561,0.18302862664959277
ENSG00000178035,EFO_0004274,0.07400497920106557
ENSG00000070915,EFO_0003859,0.0014800995840213117
ENSG00000170558,EFO_0003758,0.054049022636031584
ENSG00000116717,MONDO_0003001,0.006660448128095901
ENSG00000053918,HP_0012115,0.002220149376031967
ENSG00000181019,EFO_0000224,0.0030321484533769923
ENSG00000100721,MONDO_0100096,0.0077817418698772015
ENSG00000178035,EFO_0010134,0.4123036023337584
ENSG00000165092,EFO_1001496,0.020721394176298362
ENSG00000137267,EFO_0000729,0.009362681438542497
ENSG00000107968,EFO_0004587,0.018627134793287498
ENSG00000111752,EFO_0006922,0.05646690935401777
ENSG00000120088,EFO_1001463,0.0014800995840213117
ENSG00000116133,EFO_0005543,0.003700248960053279
ENSG00000162692,EFO_0007536,0.0029601991680426234
ENSG00000137070,MONDO_0032696,0.07400497920106557
ENSG00000164588,MONDO_0013291,0.05773950705021805
ENSG00000029559,MONDO_0958006,0.03188134503981904
ENSG00000167986,EFO_1000478,0.008880597504127868
ENSG00000145216,EFO_0000095,0.18501244800266392
ENSG00000159899,EFO_0004980,0.10576779670320595
ENSG00000112116,EFO_0003834,0.03401268844080974
ENSG00000026103,EFO_0000096,0.37002489600532784
ENSG00000181929,MONDO_0007705,0.04375174370366996
ENSG00000163221,EFO_0001067,0.004139756308752941
ENSG00000134852,EFO_0000275,0.06758179479014122
ENSG00000168785,EFO_0006340,0.10897211987896277
ENSG00000163221,EFO_0001378,0.012025809120173156
ENSG00000162692,EFO_1000961,0.01211584851153445
ENSG00000167419,EFO_0000571,0.0014800995840213117
ENSG00000160200,MONDO_0002708,0.0014800995840213117
ENSG00000133895,MONDO_0013410,0.0577899085524417
ENSG00000145592,EFO_1001938,0.04666425077400523
ENSG00000163221,EFO_0004610,0.0416369402814277
ENSG00000137267,EFO_1000453,0.28574144747078095
ENSG00000177272,MONDO_0100574,0.007400497920106558
ENSG00000081052,MONDO_0032766,0.03198495201070054
ENSG00000160584,Orphanet_93357,0.04404673577354088
ENSG00000107968,MONDO_0034054,0.03180734006061798
ENSG00000029559,EFO_0007216,0.008880597504127868
ENSG00000198001,MONDO_0020640,0.0014800995840213117
ENSG00000164588,Orphanet_3217,0.03214776296494288
ENSG00000171049,EFO_0009373,0.004995336096071927
ENSG00000069956,MONDO_0054730,0.04372214171198954
ENSG00000132671,EFO_0004198,0.00956678811683108
ENSG00000110245,EFO_1001516,0.0014800995840213117
ENSG00000114013,EFO_0003780,0.048435526808363265
ENSG00000177272,EFO_0004587,0.32425688757274224
ENSG00000112116,HP_0012393,0.006760136694749854
ENSG00000124767,EFO_0003060,0.024891356599010917
ENSG00000181092,EFO_0009706,0.002220149376031967
ENSG00000178035,MONDO_0001475,0.0027751867200399593
ENSG00000196549,MONDO_0010066,0.002220149376031967
ENSG00000139193,EFO_0004348,0.07694976066510797
ENSG00000164588,Orphanet_263297,0.05773950705021805
ENSG00000163501,EFO_0004142,0.002590174272037295
ENSG00000116717,MONDO_0009676,0.0032636873305089335
ENSG00000143473,MONDO_0008006,0.0014800995840213117
ENSG00000096060,EFO_0007991,0.4165260288233369
ENSG00000132671,MONDO_0015229,0.002220149376031967
ENSG00000171860,MONDO_0007947,0.011100746880159837
ENSG00000134640,EFO_0001066,0.010520218932204813
ENSG00000074416,HP_0004418,0.2554579116085214
ENSG00000139193,MONDO_0004126,0.002590174272037295
ENSG00000187098,EFO_0000222,0.2809707308904256
ENSG00000114013,EFO_1000172,0.008325560160119878
ENSG00000140675,HP_0005180,0.003494679573383652
ENSG00000137070,EFO_0000495,0.002220149376031967
ENSG00000161547,MONDO_0015667,0.007934978325447588
ENSG00000134852,MONDO_0008810,0.031111693256127972
ENSG00000181929,MONDO_0007686,0.03229577292334502
ENSG00000077782,HP_0012393,0.00293964222937566
ENSG00000101966,EFO_0003968,0.0014800995840213117
ENSG00000081052,MONDO_0014851,0.03626243980852213
ENSG00000077782,HP_0031678,0.0014800995840213117
ENSG00000165092,HP_0001643,0.007400497920106558
ENSG00000102466,EFO_0009430,0.007400497920106558
ENSG00000188229,EFO_0000432,0.07400497920106557
ENSG00000120088,EFO_0000228,0.002220149376031967
ENSG00000140675,EFO_0005772,0.024429141420072267
ENSG00000110801,EFO_0000335,0.002220149376031967
ENSG00000181092,EFO_0008572,0.022587508169343577
ENSG00000134817,EFO_0003763,0.002590174272037295
ENSG00000084453,EFO_0010369,0.11676366050905505
ENSG00000143473,EFO_0008501,0.003700248960053279
ENSG00000143878,HP_0001643,0.003700248960053279
ENSG00000132671,EFO_0003888,0.012337224010874333
ENSG00000005022,EFO_0000319,0.0014800995840213117
ENSG00000160200,MONDO_0009582,0.0442198251971167
ENSG00000162692,EFO_0000519,0.0854092446050042
ENSG00000104549,EFO_0003914,0.005352615690103738
ENSG00000102970,EFO_0001361,0.003700248960053279
ENSG00000102970,EFO_0000775,0.0014800995840213117
ENSG00000136826,EFO_1000024,0.0015170640894934155
ENSG00000116678,MONDO_0008903,0.021394908121096606
ENSG00000120885,MONDO_0013758,0.031252302716609996
ENSG00000136826,MONDO_0017778,0.04262830700552045
ENSG00000110887,EFO_0005772,0.21829342170109675
ENSG00000160200,EFO_0001074,0.002220149376031967
ENSG00000081052,MONDO_0010298,0.044275328931517505
ENSG00000100453,EFO_0007517,0.013585040332181457
ENSG00000075043,HP_0002411,0.5452032920062992
ENSG00000110876,MONDO_0004928,0.002220149376031967
ENSG00000177272,EFO_0000339,0.009813471380834635
ENSG00000120885,MONDO_0003024,0.019775774997618078
ENSG00000167986,EFO_0000499,0.003700248960053279
ENSG00000029559,EFO_0009448,0.020526912950628078
ENSG00000111752,EFO_0003060,0.003700248960053279
ENSG00000239672,EFO_0003959,0.0014800995840213117
ENSG00000129910,MONDO_0007732,0.003700248960053279
ENSG00000183960,EFO_0000537,0.20305642557359482
ENSG00000197405,EFO_0000556,0.04672384170637874
ENSG00000110801,EFO_0000764,0.0027751867200399593
ENSG00000081052,EFO_0000400,0.03172593458349681
ENSG00000152086,HP_0011451,0.25901742720372944
ENSG00000074416,EFO_0000712,0.01040962260217655
ENSG00000185513,EFO_0000571,0.009250622400133196
ENSG00000112116,EFO_1000965,0.007400497920106558
ENSG00000117984,EFO_1000044,0.007400497920106558
ENSG00000143473,EFO_0000569,0.07675960898243854
ENSG00000104549,EFO_0000474,0.009230065461466234
ENSG00000177000,MONDO_0011760,0.0051803485440745905
ENSG00000132199,EFO_0006340,0.40194838025110474
ENSG00000074416,MONDO_0014248,0.006845460576098566
ENSG00000120088,EFO_1001916,0.0029601991680426234
ENSG00000167419,HP_0012758,0.0014800995840213117
ENSG00000069956,MONDO_0005178,0.18495970298592235
ENSG00000116678,Orphanet_404469,0.10182563278852486
ENSG00000167419,EFO_0004533,0.0014800995840213117
ENSG00000053918,MONDO_0001823,0.004234729365394308
ENSG00000053918,MONDO_0024573,0.0014800995840213117
ENSG00000160200,Orphanet_891,0.05177223889397212
ENSG00000177272,MONDO_0020074,0.002590174272037295
ENSG00000120088,EFO_0022267,0.03051507640162632
ENSG00000161547,EFO_0001075,0.017621940027790894
ENSG00000140675,MONDO_0010264,0.031333708193731165
ENSG00000110876,EFO_0002913,0.025477383481049488
ENSG00000134852,MONDO_0100135,0.024790599741858425
ENSG00000145216,EFO_0000544,0.004625311200066598
ENSG00000053918,MONDO_0014621,0.08158123894677467
ENSG00000213593,EFO_0009458,0.041198467612476364
ENSG00000276043,EFO_0001645,0.38951878677807483
ENSG00000074416,MONDO_0008903,0.05481029745053052
ENSG00000114013,EFO_0000500,0.02199159483064917
ENSG00000085224,EFO_0000239,0.2820788177084882
ENSG00000137267,EFO_0004616,0.18501244800266392
ENSG00000181092,EFO_0010270,0.0014800995840213117
ENSG00000163930,MONDO_0003036,0.015649175129611993
ENSG00000145592,MONDO_0010679,0.4572693632155686
ENSG00000196549,DOID_7551,0.006845460576098566
ENSG00000070915,MONDO_0007732,0.0014800995840213117
ENSG00000161547,HP_0005528,0.002220149376031967
ENSG00000005022,HP_0010976,0.0014800995840213117
ENSG00000104549,EFO_0000478,0.0014800995840213117
ENSG00000134817,EFO_0009551,0.007400497920106558
ENSG00000079739,HP_0001520,0.008271700980812436
ENSG00000084453,EFO_0022335,0.03801965431940702
ENSG00000110801,MONDO_0004126,0.007531651188801779
ENSG00000117984,EFO_0004255,0.004440298752063934
ENSG00000116014,MONDO_0019154,0.05298242587329621
ENSG00000113657,EFO_0000519,0.01739117011225041
ENSG00000181019,EFO_0009676,0.0014800995840213117
ENSG00000198001,MONDO_0957981,0.03467873325361933
ENSG00000167258,EFO_1000317,0.18501244800266392
ENSG00000239672,EFO_0000341,0.002220149376031967
ENSG00000114013,EFO_1000491,0.0014800995840213117
ENSG00000171860,MONDO_0007254,0.08068795797870291
ENSG00000171049,EFO_0001065,0.012149150752174931
ENSG00000175591,EFO_0000612,0.021757586114622175
ENSG00000256269,HP_0003489,0.25901742720372944
ENSG00000084453,OBA_2045206,0.15435110976886168
ENSG00000197838,HP_0100806,0.003700248960053279
ENSG00000132681,MONDO_0054723,0.09547366949025468
ENSG00000244122,MONDO_0037821,0.5007623889079874
ENSG00000136826,EFO_0000181,0.3024515684385536
ENSG00000100721,EFO_0004696,0.38895288030190506
ENSG00000109861,EFO_0009860,0.002220149376031967
ENSG00000129219,EFO_0002496,0.006660448128095901
ENSG00000005022,EFO_1000785,0.002590174272037295
ENSG00000139734,EFO_0004235,0.04257506453437303
ENSG00000120885,EFO_1001050,0.010851596783516248
ENSG00000110887,MONDO_0002492,0.006660448128095901
ENSG00000116717,EFO_0004842,0.3908910859824378
ENSG00000085224,MONDO_0003453,0.18501244800266392
ENSG00000117984,MONDO_0001627,0.011779935547835465
ENSG00000134852,EFO_1001494,0.004070273856058606
ENSG00000103044,EFO_0006335,0.03447558700666524
ENSG00000120885,MONDO_0002358,0.003700248960053279
ENSG00000163507,EFO_0009709,0.007256599349437819
ENSG00000181092,MONDO_0008006,0.002590174272037295
ENSG00000120885,MONDO_0000432,0.002220149376031967
ENSG00000109390,HP_0001268,0.25901742720372944
ENSG00000109861,EFO_0004193,0.1696825494393996
ENSG00000129910,EFO_0009448,0.003700248960053279
ENSG00000169710,MONDO_0019917,0.02664179251238361
ENSG00000186340,EFO_0801555,0.22159300834654772
ENSG00000100453,EFO_0020685,0.07830280593256209
ENSG00000120885,HP_0001394,0.02266651233212174
ENSG00000129910,MONDO_0009685,0.004440298752063934
ENSG00000163930,MONDO_0018177,0.0018501244800266394
ENSG00000139625,EFO_1000796,0.0027751867200399593
ENSG00000172482,EFO_0000464,0.0014800995840213117
ENSG00000131477,MONDO_0007254,0.08372418443223135
ENSG00000177272,EFO_0009452,0.004070273856058606
ENSG00000107968,EFO_0000571,0.007418265338133663
ENSG00000140675,HP_0100806,0.03486811885127253
ENSG00000113657,MONDO_0018075,0.018131219904261066
ENSG00000110876,EFO_1000307,0.003700248960053279
ENSG00000070915,MONDO_0002616,0.004255286304061271
ENSG00000029559,MONDO_0021192,0.002220149376031967
ENSG00000256269,EFO_0003900,0.0014800995840213117
ENSG00000188229,EFO_0004220,0.07770522816111886
ENSG00000160584,HP_0000855,0.006660448128095901
ENSG00000171049,MONDO_0008038,0.03214776296494288
ENSG00000132681,EFO_0000685,0.08325560160119877
ENSG00000162692,MONDO_0000490,0.0020145799893623406
ENSG00000116981,EFO_0000275,0.24696994487717894
ENSG00000196549,EFO_0000495,0.008181661589451137
ENSG00000143473,OBA_VT0005265,0.022530204001905835
ENSG00000096060,MONDO_0002480,0.003700248960053279
ENSG00000163221,HP_0004398,0.0014800995840213117
ENSG00000181092,MONDO_0000771,0.0014800995840213117
ENSG00000163501,MONDO_0007481,0.05224011481803219
ENSG00000177272,EFO_0005537,0.021005563273944674
ENSG00000168785,EFO_0003888,0.09142575130499642
ENSG00000162692,MONDO_0002108,0.06858452561336086
ENSG00000134640,EFO_0000228,0.002754629781372996
ENSG00000163221,MONDO_0002630,0.010545709536151844
ENSG00000124767,EFO_1001461,0.050256509596961395
ENSG00000080166,EFO_0000681,0.02201648131231701
ENSG00000178035,MONDO_0002331,0.003700248960053279
ENSG00000163930,MONDO_0004126,0.0018501244800266394
ENSG00000183960,EFO_0005297,0.002220149376031967
ENSG00000117984,EFO_1001485,0.004440298752063934
ENSG00000173175,EFO_0022159,0.32521340025985535
ENSG00000111241,EFO_0001075,0.46253112000665986
ENSG00000139625,EFO_0011057,0.007400497920106558
ENSG00000117984,MONDO_0016006,0.003700248960053279
ENSG00000239672,MONDO_0008380,0.030516775451106065
ENSG00000107968,MONDO_0015760,0.01799776365244829
ENSG00000171860,EFO_1001351,0.02886194188841558
ENSG00000116717,MONDO_0002525,0.003700248960053279
ENSG00000102466,HP_0002075,0.002220149376031967
ENSG00000239672,EFO_0006859,0.002220149376031967
ENSG00000184205,MONDO_0001572,0.009620647296138525
ENSG00000163507,MONDO_0007254,0.10558251194159332
ENSG00000170608,EFO_1000789,0.031868428081089584
ENSG00000134852,MONDO_0017795,0.002220149376031967
ENSG00000163930,EFO_1000485,0.661598928061218
ENSG00000065559,EFO_0010351,0.03928802868199469
ENSG00000085117,EFO_0004725,0.28931316261789525
ENSG00000163507,EFO_0002618,0.0014800995840213117
ENSG00000134640,EFO_0004610,0.0027751867200399593
ENSG00000102970,EFO_0004244,0.10202449774290903
ENSG00000116678,EFO_0000701,0.0029601991680426234
ENSG00000160584,HP_0001397,0.007400497920106558
ENSG00000075043,MONDO_0021248,0.37002489600532784
ENSG00000107968,MONDO_0007795,0.032192165952463526
ENSG00000172482,EFO_0000341,0.003700248960053279
ENSG00000196549,MONDO_0005184,0.009941952247503149
ENSG00000134817,EFO_1000680,0.002220149376031967
ENSG00000126262,Orphanet_98813,0.031200499231169243
ENSG00000100453,MONDO_0800373,0.002220149376031967
ENSG00000084453,EFO_0003060,0.0014800995840213117
ENSG00000069956,MONDO_0030307,0.045476059719054794
ENSG00000101966,MONDO_0008734,0.049583336064713934
ENSG00000171786,MONDO_0013372,0.05266934369739837
ENSG00000171049,EFO_0020921,0.0027751867200399593
ENSG00000109861,EFO_0000719,0.23387544033412463
ENSG00000163930,EFO_0022258,0.024634186233462745
ENSG00000110801,EFO_0011011,0.022232056260920438
ENSG00000065559,HP_0005268,0.002220149376031967
ENSG00000186340,EFO_1000307,0.008767534341459575
ENSG00000100721,MONDO_0009833,0.003700248960053279
ENSG00000136826,EFO_0007985,0.27475737236976927
ENSG00000137070,EFO_0000540,0.0014800995840213117
ENSG00000084453,EFO_0004309,0.027410012664650762
ENSG00000177272,EFO_1001760,0.0051803485440745905
ENSG00000164588,OBA_2042371,0.2533951326305559
ENSG00000172482,EFO_0000495,0.004255286304061271
ENSG00000163930,EFO_1000483,0.37002489600532784
ENSG00000177272,MONDO_0010726,0.002590174272037295
ENSG00000139625,EFO_0005537,0.002220149376031967
ENSG00000197838,MONDO_0004975,0.002220149376031967
ENSG00000169710,MONDO_0007309,0.0014800995840213117
ENSG00000160200,MONDO_0019696,0.03462692976817858
ENSG00000065559,EFO_0009689,0.02297441232134449
ENSG00000096060,MONDO_0015974,0.003700248960053279
ENSG00000159899,MONDO_0800043,0.03211076047534236
ENSG00000116014,EFO_0009682,0.004440298752063934
ENSG00000029559,MONDO_0013459,0.032784205786072045
ENSG00000136826,EFO_0002608,0.011100746880159837
ENSG00000117984,EFO_0003888,0.005550373440079919
ENSG00000110876,HP_0001395,0.003700248960053279
ENSG00000110887,MONDO_0007739,0.004686982016067487
ENSG00000100387,HP_0000539,0.04557763007107509
ENSG00000110245,EFO_0022322,0.44829761674633223
ENSG00000029559,MONDO_0019772,0.0014800995840213117
ENSG00000084453,EFO_0022265,0.018810332197374106
ENSG00000126262,Orphanet_47,0.04410429520180839
ENSG00000084453,EFO_0005761,0.002220149376031967
ENSG00000140675,EFO_0000222,0.03095874963244577
ENSG00000005022,MONDO_0004979,0.024421643136351638
ENSG00000160584,MONDO_0007064,0.03366486503856473
ENSG00000106631,MONDO_0018075,0.0014800995840213117
ENSG00000132199,EFO_0004528,0.1894347190775812
ENSG00000116133,EFO_1001052,0.0014800995840213117
ENSG00000196549,MONDO_0002814,0.003700248960053279
ENSG00000005022,HP_0000112,0.0033302240640479507
ENSG00000196549,EFO_0000499,0.008860040565460907
ENSG00000140675,EFO_1002050,0.008580055060816875
ENSG00000197405,HP_0002202,0.0071949285334369315
ENSG00000172482,MONDO_0005575,0.04217954903442065
ENSG00000069956,MONDO_0024465,0.03749832296117993
ENSG00000110876,EFO_1001991,0.00849001566945558
ENSG00000167419,EFO_0000621,0.0014800995840213117
ENSG00000110801,Orphanet_654,0.003700248960053279
ENSG00000107968,Orphanet_983,0.04866752444710074
ENSG00000174748,MONDO_0002529,0.0014800995840213117
ENSG00000211459,MONDO_0005180,0.004440298752063934
ENSG00000101966,MONDO_0018899,0.0911217293514729
ENSG00000160584,EFO_0005246,0.034948234719543204
ENSG00000167258,EFO_0006807,0.12163813007595153
ENSG00000197405,HP_0100806,0.11429114215049979
ENSG00000139193,EFO_0008546,0.0365479158873065
ENSG00000101966,MONDO_0009571,0.0014800995840213117
ENSG00000181929,MONDO_0011962,0.004440298752063934
ENSG00000116133,MONDO_0000491,0.0014800995840213117
ENSG00000256269,EFO_0920022,0.39240435401237495
ENSG00000129910,EFO_0000544,0.03428136762918694
ENSG00000028277,HP_0002960,0.0014800995840213117
ENSG00000152086,EFO_1000355,0.07400497920106557
ENSG00000134852,EFO_0008569,0.0029601991680426234
ENSG00000028277,EFO_0002939,0.002754629781372996
ENSG00000161509,EFO_0009188,0.15712448807257393
ENSG00000196549,EFO_1000299,0.01802987419663294
ENSG00000239672,EFO_1001955,0.0014800995840213117
ENSG00000276043,EFO_0022337,0.12946306190391438
ENSG00000187764,MONDO_0002635,0.0029601991680426234
ENSG00000164588,Orphanet_99750,0.03955566138296955
ENSG00000187764,EFO_0000095,0.04160158351227987
ENSG00000276043,EFO_0002617,0.011100746880159837
ENSG00000116133,EFO_0004610,0.002590174272037295
ENSG00000134852,HP_0002721,0.004440298752063935
ENSG00000161547,EFO_1000388,0.3703949209013332
ENSG00000102970,EFO_0003767,0.02017711379816674
ENSG00000211459,MONDO_0008021,0.003700248960053279
ENSG00000110876,EFO_0003778,0.09480798442387178
ENSG00000070915,EFO_1000359,0.0051803485440745905
ENSG00000100453,HP_0011947,0.004234729365394308
ENSG00000134640,EFO_0004994,0.003700248960053279
ENSG00000167258,EFO_0003833,0.009620647296138525
ENSG00000206337,EFO_0000209,0.007400497920106558
ENSG00000106631,EFO_0009646,0.0014800995840213117
ENSG00000120885,EFO_1000318,0.002590174272037295
ENSG00000100453,MONDO_0024477,0.01345451635752706
ENSG00000175591,EFO_0004260,0.002590174272037295
ENSG00000165916,EFO_0005952,0.10831450983622624
ENSG00000079739,EFO_0022254,0.3976161031859896
ENSG00000145216,OBA_0003747,0.46927417647379693
ENSG00000160200,MONDO_0002334,0.003700248960053279
ENSG00000116717,EFO_0001379,0.0014800995840213117
ENSG00000244122,EFO_0801555,0.06372689754903237
ENSG00000029559,EFO_0005287,0.002220149376031967
ENSG00000139193,EFO_1001496,0.003700248960053279
ENSG00000109861,MONDO_0007056,0.0014800995840213117
ENSG00000163930,EFO_0008509,0.2775186720039959
ENSG00000170608,MONDO_0012923,0.031045088774847008
ENSG00000124767,EFO_0006888,0.002220149376031967
ENSG00000128645,OBA_1000110,0.0658047556995687
ENSG00000180530,EFO_0000195,0.00703047302410123
ENSG00000134852,EFO_0000564,0.0014800995840213117
ENSG00000143473,EFO_1001901,0.25901742720372944
ENSG00000160584,Orphanet_2697,0.03068246437676179
ENSG00000110801,HP_0100660,0.003700248960053279
ENSG00000100453,EFO_1001961,0.010569748568511374
ENSG00000159899,Orphanet_1788,0.03217736495662331
ENSG00000102466,MONDO_0018321,0.04839555614853683
ENSG00000050438,EFO_0005689,0.08102505200621445
ENSG00000171385,EFO_0005106,0.24663401657433767
ENSG00000101966,EFO_0000649,0.006660448128095901
ENSG00000163501,MONDO_0002253,0.007400497920106558
ENSG00000101966,MONDO_0013279,0.03626243980852213
ENSG00000171385,MONDO_0013318,0.011647857216900233
ENSG00000132681,MONDO_0015746,0.07447532195776567
ENSG00000110245,MONDO_0011448,0.031230101222849672
ENSG00000109390,EFO_1001496,0.3366198706715135
ENSG00000145216,EFO_0003060,0.18501244800266392
ENSG00000134817,EFO_1000044,0.0051803485440745905
ENSG00000110245,MONDO_0019439,0.002220149376031967
ENSG00000206337,EFO_0001065,0.0014800995840213117
ENSG00000120885,MONDO_0021118,0.004419741813396972
ENSG00000211459,EFO_0004540,0.016281095424234424
ENSG00000167419,MONDO_0008280,0.03195535001902011
ENSG00000145216,EFO_0000255,0.012580846464181148
ENSG00000120088,EFO_0022159,0.07740528049505871
ENSG00000160200,MONDO_0008476,0.03894882055352081
ENSG00000186340,EFO_0004986,0.0014800995840213117
ENSG00000181929,Orphanet_30,0.04651767980130979
ENSG00000163501,EFO_0009666,0.04705483260867752
ENSG00000187764,Orphanet_167,0.003700248960053279
ENSG00000134817,EFO_0008583,0.014965451349548816
ENSG00000109861,MONDO_0002635,0.014304922332715802
ENSG00000102970,MONDO_0001134,0.002220149376031967
ENSG00000180530,MONDO_0005277,0.009620647296138525
ENSG00000206530,MONDO_0033622,0.07997389191240485
ENSG00000120088,EFO_0000668,0.003160629320045509
ENSG00000116014,EFO_1001491,0.009415077909468897
ENSG00000134817,MONDO_0002050,0.02718065723261425
ENSG00000239672,EFO_1000263,0.002220149376031967
ENSG00000069956,EFO_1000758,0.017699524192254845
ENSG00000110801,EFO_0000621,0.019531113679828436
ENSG00000085224,MONDO_0043479,0.003700248960053279
ENSG00000100721,EFO_0005592,0.015909035601972148
ENSG00000110801,MONDO_0020066,0.002220149376031967
ENSG00000110801,EFO_0000519,0.09155013551009185
ENSG00000085117,MONDO_0009491,0.0029601991680426234
ENSG00000171860,MONDO_0009480,0.03567780047283371
ENSG00000175591,EFO_0007292,0.0014800995840213117
ENSG00000188229,EFO_0000333,0.004440298752063934
ENSG00000070915,EFO_0000621,0.005602860991450228
ENSG00000050438,EFO_0004255,0.06920621241219727
ENSG00000085117,MONDO_0970993,0.036543658729486186
ENSG00000074416,MONDO_0030996,0.039008024536881666
ENSG00000089163,MONDO_0024477,0.002220149376031967
ENSG00000159899,HP_0001987,0.007770522816111886
ENSG00000065559,EFO_0004710,0.0237479034354258
ENSG00000110801,EFO_1000961,0.06058449018201524
ENSG00000110876,MONDO_0957809,0.04196267333148421
ENSG00000163507,EFO_0008496,0.0014800995840213117
ENSG00000163930,MONDO_0018653,0.05519209121060804
ENSG00000145592,MONDO_0007254,0.0074724472054409265
ENSG00000160200,Orphanet_758,0.0014800995840213117
ENSG00000070915,EFO_0005251,0.0054881761147315385
ENSG00000180530,MONDO_0030925,0.04551306220865533
ENSG00000136826,MONDO_0001657,0.004070273856058606
ENSG00000124767,EFO_0000616,0.11232573000812492
ENSG00000128645,OBA_2050065,0.12054459489856528
ENSG00000110801,EFO_0004254,0.0014800995840213117
ENSG00000186340,EFO_0009315,0.18701770701254997
ENSG00000169710,EFO_0004906,0.015848546100740688
ENSG00000134817,EFO_0000713,0.03444909966282854
ENSG00000159899,EFO_0007789,0.1760154761441063
ENSG00000143878,EFO_0000612,0.0014800995840213117
ENSG00000110245,EFO_0022160,0.525296955827826
ENSG00000172482,MONDO_0013044,0.035285574083068066
ENSG00000096060,MONDO_0017413,0.009620647296138525
ENSG00000109390,EFO_1000789,0.25901742720372944
ENSG00000102466,EFO_0003060,0.03805260046350053
ENSG00000069956,MONDO_0033673,0.0413095793900348
ENSG00000165092,EFO_0004249,0.01919349859105272
ENSG00000134817,EFO_0000555,0.004440298752063934
ENSG00000163930,MONDO_0002492,0.0197911927016183
ENSG00000170608,EFO_0000763,0.006660448128095901
ENSG00000120885,MONDO_0009735,0.006660448128095901
ENSG00000244122,EFO_0001421,0.08893406415853952
ENSG00000070915,MONDO_0018237,0.0014800995840213117
ENSG00000139625,MONDO_0008903,0.012395834016178484
ENSG00000103044,EFO_0004214,0.011470771776165165
ENSG00000163930,EFO_1000504,0.2775186720039959
ENSG00000163930,MONDO_0015524,0.07083879950757999
ENSG00000113657,EFO_0001064,0.0018501244800266394
ENSG00000110876,EFO_0000095,0.010717976682180993
ENSG00000111752,OBA_2041446,0.026101562965158066
ENSG00000029559,EFO_1001471,0.0051803485440745905
ENSG00000163501,MONDO_0008708,0.007400497920106558
ENSG00000134640,MONDO_0005148,0.5718619780940607
ENSG00000069956,MONDO_0859522,0.03454552429105741
ENSG00000174748,EFO_0004587,0.04776242203677424
ENSG00000101966,HP_0100526,0.0027751867200399593
ENSG00000085224,MONDO_0004301,0.18501244800266392
ENSG00000136826,MONDO_0100147,0.006660448128095901
ENSG00000160584,MONDO_0021187,0.13391756842818822
ENSG00000139193,MONDO_0019402,0.002220149376031967
ENSG00000165092,EFO_0003818,0.007400497920106558
ENSG00000173175,EFO_0009885,0.3055625677294516
ENSG00000128645,MONDO_0008233,0.002220149376031967
ENSG00000168785,MONDO_0005575,0.041561234220791915
ENSG00000188229,MONDO_0004180,0.46253112000665986
ENSG00000163501,MONDO_0011128,0.031503919645893615
ENSG00000171860,MONDO_0008073,0.04599409457346224
ENSG00000181929,MONDO_0012859,0.03305062371119589
ENSG00000070915,MONDO_0018338,0.002220149376031967
ENSG00000256269,OBA_2045560,0.21677877669303983
ENSG00000132965,MP_0001845,0.002590174272037295
ENSG00000126262,MONDO_0044721,0.037720337898783124
ENSG00000110887,MONDO_0043579,0.012580846464181148
ENSG00000074416,MONDO_0004651,0.0029601991680426234
ENSG00000096060,MONDO_0020336,0.0019342843348503463
ENSG00000112116,EFO_0005772,0.002754629781372996
ENSG00000137070,EFO_0006336,0.054192466597809026
ENSG00000164588,MONDO_0018899,0.005920398336085247
ENSG00000180530,EFO_0022157,0.4259334337980468
ENSG00000159899,HP_0000842,0.0014800995840213117
ENSG00000160584,EFO_0021900,0.1574391331050177
ENSG00000167258,MONDO_0014804,0.0453724527481733
ENSG00000134817,HP_0001394,0.014737565098544719
ENSG00000160584,EFO_0022296,0.3661145122929551
ENSG00000085224,MONDO_0003519,0.2775186720039959
ENSG00000175591,EFO_0007834,0.07644097643310065
ENSG00000116117,EFO_0009622,0.25225756939681304
ENSG00000170608,EFO_0000503,0.003700248960053279
ENSG00000110876,MONDO_0022529,0.0024680444653540946
ENSG00000160584,EFO_0004260,0.002220149376031967
ENSG00000079739,EFO_0005543,0.029941181168431114
ENSG00000139193,HP_0002242,0.002220149376031967
ENSG00000084453,EFO_0800337,0.023685484455494506
ENSG00000163507,EFO_0000763,0.007770522816111886
ENSG00000129219,EFO_0000571,0.003700248960053279
ENSG00000134817,HP_0001667,0.002590174272037295
ENSG00000079739,MONDO_0011962,0.004440298752063934
ENSG00000116014,MONDO_0042491,0.043662937728628684
ENSG00000165092,EFO_0004208,0.022201493760319675
ENSG00000139193,EFO_0003095,0.035933528789850726
ENSG00000276043,EFO_0004312,0.4489619362110404
ENSG00000239672,MONDO_0019391,0.005660969770108177
ENSG00000110245,EFO_0004239,0.0523585227847539
ENSG00000116014,MONDO_0012657,0.012580846464181148
ENSG00000186340,MONDO_0001291,0.20813587216424415
ENSG00000085224,MONDO_0010997,0.002220149376031967
ENSG00000175591,EFO_0005741,0.002847136005374328
ENSG00000085117,EFO_0000365,0.009250622400133196
ENSG00000239672,EFO_0000183,0.04804937730138518
ENSG00000085224,EFO_0004209,0.0029601991680426234
ENSG00000143878,EFO_0001062,0.004856094445400973
ENSG00000110245,EFO_0920024,0.019252013817678135
ENSG00000159899,MONDO_0030506,0.033442850100961534
ENSG00000244122,EFO_0010623,0.05152704575335784
ENSG00000134817,MONDO_0004975,0.01544298267617488
ENSG00000175591,MONDO_0021945,0.002220149376031967
ENSG00000116717,MONDO_0010580,0.031000685787326367
ENSG00000206337,EFO_1000218,0.011100746880159837
ENSG00000168785,EFO_0000763,0.0014800995840213117
ENSG00000171385,EFO_0011011,0.20511938212044611
ENSG00000124767,EFO_0009783,0.016281095424234424
ENSG00000167258,MONDO_0011182,0.03456772578481773
ENSG00000140675,MONDO_0008733,0.03513016362674583
ENSG00000171049,HP_0000855,0.01805142440476975
ENSG00000239672,MONDO_0010302,0.01554104563222377
ENSG00000181929,Orphanet_332,0.04295248992829846
ENSG00000028277,MONDO_0008315,0.00834302097210598
ENSG00000171049,EFO_0600064,0.003515236512050615
ENSG00000028277,EFO_0001378,0.019626313467628442
ENSG00000172482,EFO_0003811,0.0014800995840213117
ENSG00000134640,EFO_0000676,0.019048881646354283
ENSG00000188229,EFO_1000391,0.007400497920106558
ENSG00000116117,EFO_0009003,0.3028014769304235
ENSG00000126262,MONDO_0011717,0.033198633669598014
ENSG00000116717,MONDO_0004737,0.002220149376031967
ENSG00000198001,MONDO_0015540,0.004625311200066598
ENSG00000140675,Orphanet_100,0.002220149376031967
ENSG00000171049,EFO_0006835,0.03131150669997084
ENSG00000187764,EFO_0000717,0.021903418149648714
ENSG00000124767,EFO_1001875,0.0014800995840213117
ENSG00000145216,MONDO_0019472,0.18501244800266392
ENSG00000084453,EFO_0022154,0.0270922499225683
ENSG00000183960,MONDO_0007573,0.03842338520119325
ENSG00000111241,EFO_0004838,0.050448960354365004
ENSG00000065559,MONDO_0002041,0.009201375946145006
ENSG00000110876,EFO_0003047,0.0051803485440745905
ENSG00000239672,MONDO_0002616,0.003946932224056831
ENSG00000139193,MONDO_0011988,0.05323918203724658
ENSG00000276043,EFO_0022326,0.34234113968124075
ENSG00000181929,MONDO_0007473,0.002220149376031967
ENSG00000198001,EFO_0000565,0.015692343802233888
ENSG00000075043,HP_0012531,0.017905299148311144
ENSG00000161509,EFO_0000495,0.003700248960053279
ENSG00000110876,MONDO_0010444,0.04163705142299951
ENSG00000137267,EFO_0000551,0.07400497920106557
ENSG00000110876,HP_0001410,0.002220149376031967
ENSG00000198001,HP_0032252,0.002220149376031967
ENSG00000163507,MONDO_0005178,0.007400497920106558
ENSG00000169710,EFO_1000613,0.003700248960053279
